CustomerID,Age,Gender,Annual_Income_USD,Spending_Score,Membership_Status,Preferred_Payment_Method,Region,Total_Purchases,Avg_Purchase_Value,Last_Purchase_Date,Satisfaction_Score,Website_Visits_Last_Month,Avg_Time_Per_Visit_Minutes,Support_Tickets_Last_6_Months,Referred_Friends
68ad9e95-4167-4c24-a189-8de129af3cbe,26,Female,127769,3,Silver,Cryptocurrency,West,21,131.04,2025-02-16,2.9,18,2.88,1,1
1f243e3a-4371-4a4d-9b3d-35d6fef1bea5,26,Male,89445,39,Silver,Credit Card,East,15,32.86,2024-11-25,2.3,13,1.55,3,0
c3c2775d-fed9-42e7-b998-a5a33b05b52b,26,Male,73318,9,Bronze,Debit Card,North,22,241.46,2025-01-21,3.3,16,5.2,0,1
b67d6079-6023-4ff9-b284-fb776fcbf030,49,Male,144403,36,Platinum,Debit Card,Central,18,45.52,2024-09-11,4.4,13,4.67,4,0
165542d5-04bd-4d84-963a-37f14b18a54c,66,Male,40760,52,Silver,PayPal,West,13,69.1,2024-09-14,4.3,22,5.03,1,1
6f010776-b050-4a84-9382-e3c1c140dfdc,47,Female,148789,9,Bronze,Credit Card,Central,15,474.76,2024-09-01,3.7,14,0.5,3,1
8913fbcb-2873-4347-80ad-247281898e17,35,Female,137917,35,Gold,Cryptocurrency,North,15,36.65,2025-05-11,3.0,14,5.72,5,1
fb8e7772-1886-4aaf-994a-ddc722a15a25,39,Male,29593,81,Bronze,Debit Card,North,19,238.43,2025-03-07,3.4,17,5.88,0,1
7749dc55-a3e2-464c-9982-0215948eb147,63,Male,129903,9,Platinum,Debit Card,Central,18,313.99,2024-07-29,3.7,16,4.66,1,0
cd479a70-fee5-457a-ad55-e1f4480ec0c2,29,Male,56681,90,Gold,Credit Card,South,18,183.42,2024-09-12,1.3,12,4.94,4,0
51f1f44b-f421-4a34-b1c3-5236c1d29126,48,Male,100987,17,Silver,Cryptocurrency,East,17,310.46,2024-08-17,4.8,17,4.82,4,0
e8409a75-13ff-41f9-92ba-50c9bfeb3e70,23,Female,76812,45,Silver,PayPal,East,15,396.49,2024-06-26,4.5,16,10.04,0,1
776e2c7c-bab7-4aad-855e-9504e58a17b3,39,Other,122617,52,Silver,Credit Card,West,23,121.45,2024-07-03,3.9,17,1.62,0,1
4d8350a8-8fb5-452c-8e21-338fc6b0c67c,31,Male,32697,12,Gold,Credit Card,East,16,71.41,2025-05-19,2.4,17,3.4,2,1
80d2b671-31dc-4ad3-8752-aa42e5412dd5,68,Male,61401,17,Platinum,PayPal,East,26,81.42,2025-03-01,4.2,16,0.5,3,1
c7332a7d-6f4d-4128-8fbf-04091543423e,45,Female,86973,89,Bronze,Cryptocurrency,Central,24,28.56,2025-05-04,3.4,13,3.71,0,2
4b4ed6fb-37f0-47c9-960f-4da33de442fc,67,Male,43696,61,Silver,Cryptocurrency,South,22,135.8,2025-05-17,1.2,15,7.74,2,1
b385b770-3801-4d55-bbb2-275b3a8a3eaa,47,Male,46921,89,Bronze,PayPal,West,20,90.43,2024-09-18,2.0,17,2.99,0,1
9737b00e-b1d9-48b0-a3b3-26898106d609,63,Male,135708,92,Silver,Cryptocurrency,North,20,230.26,2025-06-09,4.8,20,6.59,3,1
b058cb31-962a-4fb6-90a9-22ead9323dfe,30,Male,124082,35,Silver,Debit Card,North,15,307.96,2024-11-05,4.8,20,4.51,0,3
eff0ba22-807c-4d32-b07c-14ee60810717,22,Female,70736,80,Bronze,Credit Card,West,21,432.52,2024-12-04,3.2,18,2.5,0,3
588497ae-571d-4638-8507-1142562d43f3,25,Female,80690,64,Silver,PayPal,Central,23,103.32,2024-07-04,2.1,9,2.88,1,2
b8060f58-66bd-4bed-89f2-5046437ee5d0,27,Male,126210,47,Gold,Credit Card,East,25,487.94,2024-10-21,2.5,20,9.31,1,1
5f1328a5-f1dc-48f7-b1f5-269f547b4583,46,Male,57353,66,Bronze,Credit Card,North,31,376.08,2025-04-01,2.7,15,2.29,1,1
c7a2e370-136d-45f9-bd50-b6cb7d7e00d4,61,Female,88480,80,Silver,Debit Card,East,24,56.37,2025-01-29,3.1,15,4.63,2,0
5e93a5c0-6563-4e04-b3ee-b2694aa1ef93,65,Male,54563,71,Silver,PayPal,North,12,147.39,2024-11-01,1.4,13,6.07,3,1
4e765553-2752-4a52-81aa-f5a0ebcd1e88,52,Female,86421,84,Bronze,Cryptocurrency,North,19,172.94,2024-12-06,1.5,13,7.64,0,2
80b1a982-fee3-4c73-96e1-210d63025e48,61,Female,110956,15,Bronze,Cryptocurrency,West,17,162.56,2024-07-28,4.4,14,2.96,2,0
c883697d-d9ff-4de7-8a27-752cd72c43ef,45,Female,90540,5,Silver,Credit Card,North,17,453.95,2024-06-21,4.5,23,6.77,2,0
34e9476d-b2a5-4dc1-9f75-5bcd4c907c61,44,Male,116185,63,Platinum,Cryptocurrency,West,23,24.39,2024-06-24,1.5,15,6.06,2,0
f017226b-451b-4239-a87c-9c067b1936b1,50,Male,53926,12,Bronze,Debit Card,East,16,366.18,2025-04-05,1.0,16,5.92,1,0
d7933683-7cf9-47f0-8a0b-c21c214dd9b1,43,Female,95440,67,Bronze,PayPal,East,12,474.94,2024-07-28,3.9,20,7.46,2,0
0c62fb95-c64f-403c-a2de-debcf1ba19ab,25,Female,85125,24,Bronze,Cryptocurrency,South,27,231.55,2025-03-25,2.1,20,4.87,2,0
a60841f1-6c40-4c14-8937-50be04a48de8,48,Female,42036,34,Bronze,Cryptocurrency,Central,23,451.15,2024-08-17,2.2,19,2.82,0,0
12631f70-ebb0-4d5c-8f44-a8401d0f0a39,45,Female,23311,22,Bronze,Debit Card,South,29,232.37,2025-02-10,2.4,16,0.5,2,0
939e9242-23eb-4f7d-8bdd-30a395a75807,22,Male,32018,89,Silver,Debit Card,North,31,10.35,2024-11-13,2.4,9,4.88,3,0
05375710-155a-4409-bb28-8c619009ba9b,23,Female,143871,67,Bronze,Cryptocurrency,North,28,51.17,2024-12-05,2.6,14,9.18,3,0
3ca36589-2e9f-497f-b232-97979f100bfd,41,Female,72693,37,Bronze,Credit Card,North,14,110.87,2024-07-22,4.8,12,0.85,2,3
17824aec-a2b7-4574-94ba-469d164ca85d,37,Female,42487,12,Gold,Debit Card,West,16,249.1,2024-12-31,4.1,16,7.11,1,0
3a7105bf-8e1b-473c-ac93-652a4819b03e,62,Male,110253,17,Bronze,Cryptocurrency,North,19,287.88,2025-02-17,1.8,10,3.59,3,3
b5ad085e-d72a-4191-b70b-9c2ee561eba8,42,Male,134621,62,Bronze,PayPal,North,19,474.48,2024-10-22,2.2,7,5.48,1,1
93d8dc78-b88b-44d9-a580-c0905c0fa8a3,31,Male,40578,43,Silver,PayPal,East,23,405.86,2025-06-15,1.9,13,5.61,2,1
d76eb4b0-da4f-4008-a90a-ea7a905eec10,40,Female,115956,90,Platinum,PayPal,North,11,126.7,2025-06-04,3.6,19,4.28,0,0
97bb973d-3141-48f1-8ae9-5cfddc3ba1bc,65,Male,129806,33,Bronze,Cryptocurrency,South,15,442.01,2025-03-25,3.0,20,5.38,1,1
f4c45926-0aa0-41af-a32d-7f1b05babf7a,62,Male,39144,33,Gold,Debit Card,Central,19,129.09,2025-01-31,4.9,19,4.61,0,0
f54e65a2-070b-4bd3-ad4f-91a73ca04d52,41,Male,91148,12,Bronze,Debit Card,South,27,290.23,2024-09-13,4.1,9,7.11,0,1
8ec87caf-1786-40dd-bb0d-27aca603ceb1,60,Other,75277,49,Silver,Debit Card,East,19,194.71,2024-12-17,4.0,20,7.19,4,1
3e6b0525-127e-456e-a94e-62261894e8cc,69,Male,100118,47,Platinum,Credit Card,North,14,319.39,2024-09-14,4.5,10,5.15,3,1
f5dd75a0-6de4-42d5-931d-616768f4d3fe,48,Female,50706,6,Bronze,Credit Card,East,22,473.27,2025-04-29,4.2,14,3.84,0,1
8827c2a6-64f8-467e-a936-3aaa224cd314,55,Male,84551,87,Silver,Credit Card,East,25,336.34,2024-07-22,3.0,12,2.34,1,0
de6101c3-9a34-4275-b227-8d6ce7078640,55,Male,111856,49,Bronze,Credit Card,West,16,428.45,2025-02-05,4.7,14,2.39,2,1
d819c853-7d70-424f-8a76-5e3f0d3eb840,28,Female,119345,48,Bronze,Debit Card,East,21,277.29,2024-12-14,3.1,16,2.82,1,1
95a8dde5-c16b-4366-9130-6b197433bc54,47,Male,52308,55,Gold,Credit Card,North,19,95.83,2024-10-19,2.3,10,6.48,1,0
f0d5b812-bd7c-4f71-80b6-5ff1decaeb07,21,Male,65147,64,Platinum,Credit Card,East,29,101.48,2025-01-19,1.1,12,7.36,2,0
e4692e84-a636-4e61-a6f3-048b82aeff39,41,Male,92074,90,Gold,PayPal,South,21,234.15,2025-04-07,4.0,13,3.19,0,0
8190beb6-17bb-4282-9878-38748b91db3e,61,Male,83862,64,Silver,Debit Card,East,17,273.29,2024-08-21,4.4,13,2.53,2,0
80c9f653-494b-4b25-b496-821f33bc4129,51,Male,140773,87,Bronze,Credit Card,East,17,412.03,2024-11-11,3.4,8,6.1,1,0
7840ba41-c30a-4a09-9cc7-7637d7d02e1b,64,Male,24290,92,Bronze,Credit Card,North,20,237.97,2025-04-07,4.1,7,4.35,1,0
ffb6c281-7ebc-4bfc-86fa-cb111135c916,59,Male,132117,67,Bronze,Debit Card,North,19,161.87,2024-10-19,4.7,15,4.25,3,0
2540b4a6-01cc-48b5-a1dc-a0559f7d9d9c,50,Female,21085,56,Silver,Debit Card,Central,16,446.97,2024-09-29,4.1,15,7.82,1,0
843e800e-7f2b-4039-894e-5b7d7ccded4e,52,Female,99428,24,Gold,PayPal,North,22,259.17,2024-07-12,1.5,16,5.74,1,1
a6c7e299-a0ac-496f-95eb-6de7316d51b8,54,Female,87657,19,Silver,Debit Card,West,17,245.68,2024-08-01,4.7,16,7.47,2,1
01a37e72-4f60-4389-8549-8c12e5b18b12,52,Male,123669,82,Silver,PayPal,North,24,337.62,2024-11-24,2.4,16,5.8,1,1
60192910-c060-4f65-9fe3-1850208e4194,57,Female,96438,33,Gold,PayPal,East,13,211.98,2024-07-06,2.9,17,8.01,2,0
a89f5e57-199b-4d0f-a47a-3c6714ccf29b,45,Female,100263,2,Bronze,PayPal,West,18,150.53,2025-03-30,3.3,8,4.93,3,2
8b4db11d-a2b6-468f-9091-83a95c8ffa6e,67,Female,88388,16,Bronze,Cryptocurrency,South,21,81.51,2024-09-11,4.6,15,4.53,0,0
c3b9f4f7-fe36-4efc-84b7-5cada1194596,43,Male,77888,31,Silver,Credit Card,North,11,17.23,2024-12-17,3.6,20,8.64,0,2
b9d83965-fe06-467e-b296-68952d0fd6f5,42,Female,53556,42,Silver,PayPal,East,18,466.46,2024-09-10,1.9,15,7.94,1,1
5fa56959-235a-4953-93e1-ff63b791eb58,20,Male,119011,8,Bronze,PayPal,North,17,350.57,2024-08-06,4.9,18,5.31,1,0
ac28e172-a03e-41af-ba89-019b2eca368e,24,Female,143189,13,Silver,PayPal,West,17,493.84,2024-07-15,4.6,19,6.18,4,1
1a9a393e-7de6-479a-8c51-42543818b77e,27,Female,139229,6,Bronze,PayPal,North,16,253.36,2024-11-03,2.4,14,5.35,0,2
aae659a1-ff2b-4273-b216-09120e6ba3b6,33,Female,35032,40,Silver,Debit Card,Central,14,147.97,2024-07-13,2.4,14,4.48,2,0
048991f3-8984-4b71-8030-8631c4965003,22,Male,72282,55,Silver,PayPal,West,21,66.03,2024-09-06,2.8,10,3.69,2,0
f8776543-80d5-4f76-b350-e61a2f67db5c,58,Other,136575,47,Silver,Cryptocurrency,South,19,445.55,2025-01-17,3.6,17,4.99,1,0
9c28f148-694e-4bce-b432-d13a92035671,50,Female,98137,14,Silver,Cryptocurrency,North,16,63.9,2025-02-18,3.1,15,8.28,2,1
f041a691-61e5-4c06-a197-6f09fdc335b6,63,Female,69915,96,Silver,Debit Card,North,15,373.46,2024-08-23,2.2,18,5.16,1,0
9ae6d6f2-d351-4876-87cf-20ea0dc69478,18,Male,96935,11,Silver,PayPal,Central,23,130.7,2025-05-08,1.1,15,7.01,1,2
ff8179a6-7c4a-40e2-9e37-93976910af8f,59,Male,141185,73,Bronze,Credit Card,South,24,346.97,2025-02-24,4.5,12,5.41,0,1
fd27149c-b676-4198-80b4-19ef7c3d2584,54,Female,40325,5,Gold,Credit Card,Central,17,190.17,2024-07-01,2.4,11,6.09,0,3
6cf2be00-aa37-4dfd-a4d7-ce1d05a471a8,59,Male,83058,26,Silver,Debit Card,East,23,361.78,2025-05-01,2.7,14,4.32,3,1
be198a3f-da93-4e63-af74-2b1adfbb892c,68,Female,22598,47,Silver,Credit Card,North,18,497.89,2024-07-30,3.1,15,4.95,1,3
c1d37303-8dd5-4362-a438-d57e0b6ed6e1,39,Male,43003,97,Gold,PayPal,East,23,489.47,2024-07-05,1.5,13,3.87,0,0
8ac90991-ee32-46e6-8b1b-7f7e64920230,20,Female,105256,90,Silver,Credit Card,South,18,114.14,2025-04-29,4.9,14,1.92,1,2
c74d8431-11c5-47bf-93a3-2d2ee65dfd9c,36,Male,143380,68,Bronze,Debit Card,West,18,494.4,2025-02-06,3.2,14,3.03,2,1
0db314a1-82b3-4caf-98fb-fc3438eaa587,58,Male,118348,88,Gold,PayPal,Central,15,177.62,2025-02-10,4.4,15,5.81,1,1
63574d18-5773-455a-8d80-57ddd054722d,52,Male,117572,35,Silver,Cryptocurrency,East,21,496.67,2025-05-03,2.0,12,3.76,0,2
a74e2af4-7dcc-4513-b7f1-c58066478b3e,20,Male,73702,73,Platinum,Credit Card,East,22,454.06,2024-09-23,1.5,20,2.56,2,1
41822237-9c62-46ea-a364-d5f93d06c777,56,Male,136810,58,Silver,PayPal,Central,27,117.34,2024-08-28,1.8,24,3.88,1,0
b9aefb2f-c9b7-4079-83ad-e3fc0bbd6e2a,50,Male,35674,18,Bronze,Cryptocurrency,East,20,55.36,2025-05-26,2.8,19,1.63,3,1
8ccc20d6-f8ab-4521-8a91-928d47287f45,20,Other,29585,68,Silver,Credit Card,North,23,493.0,2024-09-09,2.4,18,4.57,1,2
e8cef3f5-81b9-48e3-96ae-a846e7b5d04e,26,Female,103731,97,Bronze,PayPal,South,21,164.24,2025-03-27,2.9,16,9.44,1,2
ff29f9ad-7178-4399-9f2b-b7cca7d12047,39,Male,26829,59,Silver,PayPal,West,19,352.29,2024-09-15,1.3,16,3.71,2,1
cda8483a-fdcb-48b8-a202-b29151906ba6,59,Female,98160,34,Gold,Credit Card,South,16,415.78,2024-11-23,4.2,17,1.14,1,0
c043ec10-a85c-4dc9-b6eb-ff3e6c5aa840,54,Male,79469,6,Bronze,Credit Card,West,22,396.76,2025-02-21,4.0,8,4.3,2,0
e511c217-c24f-4aa8-b172-0d57996a102d,36,Male,91859,11,Silver,Credit Card,North,17,101.14,2024-12-28,4.3,15,4.57,2,2
bf17cbf1-7833-46e0-a2b1-c00add48a777,26,Female,103744,85,Bronze,PayPal,West,17,309.8,2024-07-27,3.7,19,5.26,1,1
48e40b57-d445-4928-81d1-a197362a7e84,29,Male,22912,1,Bronze,Credit Card,North,19,208.88,2025-01-22,4.8,15,7.15,4,2
d932b75f-5ac1-487a-876f-df2b85e2f3dd,30,Female,105717,47,Gold,Debit Card,West,24,361.39,2024-10-26,1.3,17,3.43,4,1
74c71d3d-a96d-42ea-be55-a94b72663865,37,Male,140635,13,Platinum,Cryptocurrency,East,14,436.64,2025-03-22,2.8,13,1.73,1,0
afe64d96-e31c-4167-afda-647735b35605,37,Male,56139,81,Gold,PayPal,West,21,402.78,2025-04-02,2.9,12,5.21,0,0
faa8b253-4d43-46f9-afb9-9ce5d26098f8,60,Male,128052,75,Bronze,Cryptocurrency,South,20,332.65,2024-10-31,1.7,13,4.94,1,1
717a4b0c-d671-4658-ab08-2699830763a9,59,Female,91835,28,Silver,Cryptocurrency,West,13,424.17,2025-05-29,4.3,16,4.18,0,3
0ed6908c-356b-4198-8d7d-1f6a9eecadec,19,Female,76999,57,Platinum,Cryptocurrency,North,13,322.77,2024-12-20,1.3,17,5.85,1,1
a07da16d-6165-4d9c-9172-4303098e4566,68,Female,149336,66,Bronze,Cryptocurrency,North,20,114.08,2025-01-30,3.6,16,6.08,4,2
17ee7483-419b-4b69-9ef8-9bff9c4eb833,63,Female,124123,36,Platinum,Cryptocurrency,South,23,411.43,2025-04-24,4.3,22,6.19,0,1
483aa984-7492-4dc9-b85f-d62e0cd34576,23,Male,22921,39,Bronze,Cryptocurrency,West,22,267.01,2024-07-04,1.9,15,7.38,1,1
5bb2afe3-e377-4530-8147-a0e5e4e0d65e,21,Female,24137,66,Bronze,Debit Card,East,26,460.45,2024-09-22,3.0,12,2.72,1,1
61f85995-80c3-497a-9ec9-31fa7d2301c1,40,Female,34426,29,Bronze,Credit Card,South,10,132.83,2024-11-19,4.9,11,4.51,1,0
6deec3ff-d91d-48a9-99cb-6a9ce4d136d8,69,Female,20146,1,Bronze,PayPal,South,14,389.24,2024-11-25,4.4,13,5.03,1,1
e1f35662-5acc-4197-b7b9-5e661a735e83,39,Female,136202,86,Bronze,PayPal,East,24,62.95,2024-10-15,4.9,11,5.11,1,1
dd941229-a695-4f45-a345-33b6a1579ddc,62,Female,53033,56,Silver,Credit Card,South,16,405.55,2025-03-06,1.3,15,3.36,2,1
1f7120f9-3ef3-4b60-a834-29fefba432f0,41,Female,61585,13,Silver,Cryptocurrency,North,13,29.91,2024-12-02,1.6,12,4.35,1,0
be6e5c00-e9cb-4040-819b-b5e5b322f77d,67,Male,117119,44,Gold,Credit Card,South,14,148.1,2025-05-28,1.6,11,6.11,1,2
c1d3af2c-f137-4dea-a01b-2d67df1de2fb,27,Male,99056,28,Bronze,Debit Card,West,25,216.26,2024-12-23,3.4,8,4.4,2,1
7bfc5425-e317-4eb2-a269-06827adc1e43,59,Male,54828,74,Bronze,Cryptocurrency,East,28,479.21,2024-10-23,3.4,10,6.87,1,1
9d8f669e-c9ef-4ac3-a9dc-67e9a473f792,55,Female,107826,73,Gold,Cryptocurrency,West,19,400.75,2024-10-16,3.9,13,8.05,1,2
c7c0d8a1-ccc6-4af3-ab3b-d36f2a8d7d2b,66,Female,120759,44,Silver,Debit Card,North,15,102.93,2024-06-23,1.6,15,3.85,1,1
1baefb44-0175-40ff-b80e-869ac0375f87,19,Male,45706,72,Bronze,Cryptocurrency,North,21,483.61,2025-01-21,4.2,13,5.8,1,1
78886d43-479a-4464-971e-3bbfce53df45,53,Other,67743,80,Bronze,Debit Card,West,19,59.7,2025-03-05,2.4,9,5.33,3,2
71877b33-44ab-4bd9-8cad-a380cc1c95c0,65,Female,109694,89,Bronze,Debit Card,West,15,111.53,2024-10-28,3.6,19,8.09,1,1
38473d9b-f887-4e56-911e-19077d61d090,57,Male,27354,56,Bronze,PayPal,East,23,127.63,2024-10-08,3.2,13,5.65,2,0
b39e0a40-bcda-4cf4-b3bd-3981e29536de,51,Male,145143,25,Silver,Cryptocurrency,North,13,176.74,2024-12-25,4.3,11,5.24,1,0
0dfc19dc-5320-4354-bf4d-39c7958c9657,62,Male,98254,6,Bronze,Debit Card,North,16,293.91,2024-08-29,2.2,15,3.45,0,1
ef4313f8-3643-47de-acb7-3a87a848ba49,28,Female,104624,37,Silver,Credit Card,West,20,103.45,2024-07-06,2.7,17,2.87,2,0
f422c4c5-d3b2-41f2-bc96-b1b63906c6c7,27,Female,130536,55,Platinum,Cryptocurrency,West,18,263.08,2024-08-09,2.6,12,5.5,3,0
0e03f93c-8856-492f-a2a4-0c3faae68dcc,40,Female,120554,21,Bronze,Credit Card,North,19,137.39,2025-04-16,4.4,18,2.16,3,1
c7a008fc-13f8-404f-8094-03a4789fcf21,42,Female,101238,5,Bronze,PayPal,Central,27,239.21,2025-01-22,3.6,10,1.49,3,0
008c0e13-3b2c-4066-b1e4-d7763e58e991,20,Female,32039,62,Silver,Credit Card,North,16,271.35,2024-12-11,3.1,12,0.5,0,1
b471de68-2caf-4a3c-af6d-51ee5ccdd717,69,Female,80977,96,Gold,PayPal,North,9,457.34,2024-12-07,2.3,15,5.9,1,0
9bed001d-af92-4be0-9cc7-595345f01fee,24,Male,80477,25,Silver,Cryptocurrency,South,14,148.51,2025-01-20,3.4,18,5.36,1,3
c1e5aa20-2c02-4b87-a1de-2e70fe45e49e,38,Male,43178,23,Bronze,Debit Card,South,18,81.72,2024-09-18,5.0,16,3.25,0,2
bad2ff2b-b96e-42db-a1f2-60182b9aead9,53,Male,30040,27,Silver,Cryptocurrency,North,13,133.12,2024-11-02,3.8,16,1.96,1,2
c227467c-2c0a-43d7-ab2e-b0845f29f096,42,Female,103890,94,Gold,PayPal,West,29,325.59,2024-10-30,4.7,14,2.48,2,1
b56e8fcf-ce7f-425f-be9b-bc0e17283f7e,31,Female,39198,62,Bronze,PayPal,Central,25,495.81,2025-01-26,2.0,7,3.09,3,0
6be6cc75-7952-4997-91c4-8679c68fc82c,63,Female,101573,69,Bronze,Credit Card,North,19,350.25,2025-02-17,3.7,16,7.76,4,0
7776ed9d-43e2-45ce-b823-7c9d0bbb6336,31,Other,96015,54,Gold,Cryptocurrency,West,23,342.66,2025-04-19,4.8,22,3.99,1,2
539ac907-6e52-4239-af84-7d7979e26c38,57,Male,94279,76,Bronze,PayPal,East,22,425.6,2025-03-18,2.0,14,7.25,2,0
e04c59f5-041f-4933-918b-56464ea7d5c8,27,Male,46250,37,Silver,Cryptocurrency,East,25,68.65,2024-08-21,3.7,16,5.55,2,2
330e0ed5-9081-4200-a752-e5fb692bb0a8,62,Female,48090,53,Bronze,Cryptocurrency,South,17,360.67,2024-07-10,3.0,16,4.02,1,0
aa73ad00-1f75-48aa-beb7-9ea685293c92,40,Male,50845,30,Bronze,Debit Card,North,17,320.87,2025-05-08,1.4,12,4.57,0,0
36bff742-72cb-4db5-9da7-7d65bef4536c,46,Female,30830,75,Silver,Cryptocurrency,North,17,470.63,2024-07-26,1.2,14,3.96,0,0
00f1b6c4-bb65-4264-9c44-76ce7f528092,26,Female,46710,62,Silver,Credit Card,North,21,464.72,2024-12-20,2.4,16,3.42,3,0
525ea9a8-55f0-4eea-af24-acb0d9b46ebb,32,Female,66479,54,Bronze,Credit Card,Central,26,248.39,2025-05-16,3.1,11,5.94,2,1
dc5c4233-1789-4362-bea9-db64fa37e8a2,43,Female,100096,29,Platinum,Debit Card,Central,18,156.04,2024-11-14,4.8,11,7.12,2,0
2366fa0c-2195-4cdf-b646-241512ce2f0e,67,Male,94102,42,Silver,Cryptocurrency,North,25,35.96,2024-10-11,1.3,16,4.34,0,0
07aafe6a-463f-4aa5-81c0-e7789209fff7,65,Male,50262,53,Silver,Cryptocurrency,East,20,147.38,2025-02-13,2.3,13,8.34,3,0
92f02ae8-8015-4e67-97d8-997c41fcb1a6,66,Male,68260,22,Bronze,PayPal,South,14,255.49,2025-03-24,3.3,14,4.15,2,2
ff2281ed-3747-4434-aaa7-da28e5c04894,40,Female,112971,27,Gold,Cryptocurrency,South,29,154.55,2025-04-20,3.7,20,9.06,2,1
0b56daac-86e7-4dd4-9242-5a485ccdec78,57,Male,126680,62,Silver,PayPal,East,19,26.12,2024-10-07,1.8,14,3.33,0,1
fb49e1ad-7297-4224-88b7-f118a4bf3b5e,31,Male,125943,85,Bronze,Debit Card,West,16,31.0,2025-01-08,4.7,14,0.84,3,0
c74fe442-1c0d-4362-a254-37c7e111f463,43,Female,110060,29,Gold,PayPal,Central,26,333.6,2025-04-25,1.2,14,6.47,1,2
ca3273fa-94ae-4869-b2f9-cc4e64df6448,25,Other,28117,43,Bronze,Credit Card,North,17,104.21,2024-07-14,1.3,13,8.13,1,1
42cc7152-c8e2-4edf-944b-9fc4b504a62d,18,Male,137998,51,Platinum,PayPal,West,18,352.05,2024-09-20,1.8,8,4.37,1,0
0189271a-56c9-42f7-870f-b10559c9ff79,68,Male,30101,37,Bronze,PayPal,East,14,380.03,2024-08-14,3.9,11,6.14,0,0
ae0d3318-4d3d-44ce-98a3-a79fd81fd6dd,56,Male,104798,19,Bronze,PayPal,North,24,43.91,2024-10-12,1.2,9,5.29,3,1
6007f944-7836-4a2e-a221-b9da23065e97,47,Male,33065,61,Bronze,Cryptocurrency,North,19,264.3,2024-10-11,2.1,10,3.51,2,2
a1d1edd9-c564-4c55-ab7e-9d9890430d62,58,Female,80469,58,Silver,Debit Card,South,24,73.33,2024-09-19,4.3,9,4.29,1,0
533188b6-33c7-447c-8cb1-8b4798d3b2df,53,Male,104244,27,Bronze,PayPal,Central,22,370.45,2025-01-31,3.4,18,5.92,1,0
c923022b-7cac-4121-ad11-56bd6b71e77f,69,Female,22655,79,Silver,Debit Card,East,21,19.57,2025-02-06,4.8,12,6.14,3,1
b2d52d84-f451-49b5-8291-8aceceb4c633,20,Female,149306,51,Bronze,Cryptocurrency,South,18,30.23,2025-01-03,3.5,19,6.26,2,1
5cdfd9a2-37a2-4247-986b-ae779564aa5c,36,Male,43031,85,Gold,Debit Card,South,20,326.42,2025-04-20,2.1,17,6.34,2,2
5eba42d2-6bce-4b82-886d-9c2e311fe33a,36,Male,120601,42,Gold,Cryptocurrency,South,22,376.45,2025-05-04,3.4,9,7.3,1,2
a9ba88a0-1802-4013-b75f-3a636f077c3d,38,Female,29212,28,Gold,Cryptocurrency,Central,16,396.06,2025-03-21,3.2,17,5.66,1,0
171ca482-81b3-4dec-8310-3a3a255ba958,58,Male,27907,15,Bronze,Debit Card,Central,19,281.59,2025-02-14,3.3,13,6.18,0,0
022e26a0-067f-45fb-9a53-511ebcd67e23,51,Female,148870,69,Silver,Cryptocurrency,East,23,454.89,2024-12-26,2.5,19,2.4,1,1
0d8bcba5-d959-4144-b981-bc406a9cd440,65,Male,102888,82,Bronze,Cryptocurrency,Central,19,136.23,2025-03-28,4.7,16,0.59,1,2
080d7445-a174-4f2a-b28c-d099a17072b9,52,Female,76268,24,Bronze,PayPal,North,19,122.56,2024-07-11,1.7,12,5.09,3,1
c1dcd8e1-ec4e-4c42-a7e9-e021eae43ef4,27,Female,94861,95,Silver,Credit Card,South,20,347.68,2024-06-28,4.0,17,4.87,1,0
2a34e43e-3022-4a59-8950-2487cf4b37ef,37,Female,111282,25,Silver,Cryptocurrency,North,13,265.35,2024-12-29,3.8,16,6.38,1,1
0ccb44fe-8137-4573-8083-c1fdaa65a853,41,Female,138849,91,Silver,Cryptocurrency,North,25,226.52,2024-09-25,1.5,13,0.5,2,0
7971efe8-13fe-491e-a5a2-7998f24ce94f,58,Male,68533,87,Bronze,PayPal,South,18,320.44,2025-01-11,2.3,18,7.23,2,0
a6718512-be17-475a-a3d6-83a4afc6184b,44,Female,47846,32,Silver,Debit Card,East,24,109.93,2025-02-14,2.9,11,5.37,4,0
55beb59a-71d1-4f00-96e7-2367ce1ced10,58,Female,130481,43,Bronze,Cryptocurrency,South,16,122.09,2025-04-02,3.7,13,4.86,1,0
2e9fa25d-31ee-44f1-93ed-0b1c33fd9a16,66,Male,97185,56,Gold,PayPal,South,19,243.05,2025-02-02,1.1,17,4.83,0,0
dffa10e0-8e76-4c2a-84f5-5059d37f25ec,28,Male,80240,3,Gold,Cryptocurrency,West,23,363.49,2025-01-18,4.4,12,2.43,1,0
347fa063-ed86-4791-ab2c-7a6b81eb869e,29,Male,50580,16,Bronze,Debit Card,South,20,28.58,2025-05-19,1.8,13,3.26,2,1
53ecc3ab-4bf6-47d6-8a00-bd26fdcd58ef,48,Male,131342,9,Silver,Debit Card,South,16,77.79,2024-07-10,4.3,12,3.99,1,0
a7e1f562-3cf8-47ac-bdcd-1f9b9987cb71,28,Female,90486,76,Bronze,Debit Card,South,20,410.52,2024-09-11,4.8,17,5.46,2,0
108c2a52-87eb-46a3-b18f-c9340517943d,29,Female,34024,47,Bronze,Credit Card,West,27,120.34,2025-05-16,4.6,17,4.14,2,1
ad33837d-6cb3-4767-b4c8-cd58648d56a1,29,Male,30000,36,Bronze,PayPal,West,25,373.02,2025-04-07,4.4,9,7.34,1,1
09b87683-93e5-4f33-b31c-1d24e7ea0640,63,Male,44122,81,Gold,Credit Card,Central,20,423.12,2024-11-24,4.3,16,3.95,0,2
b37adac6-df4a-44fd-a700-2405c50f7cb2,65,Male,142827,36,Platinum,Credit Card,North,11,269.74,2024-08-29,4.4,9,2.85,0,1
1d1da4a3-a018-4f9c-a36d-cd5dd9173986,43,Male,32756,70,Platinum,Credit Card,Central,23,203.32,2025-01-31,3.5,18,5.88,1,1
ff3ff467-9870-4898-8896-4a88fd4fb9ed,59,Male,92941,82,Bronze,Cryptocurrency,South,17,28.99,2024-09-03,1.4,17,10.15,1,0
79324cbe-9275-4182-998a-ac126b001205,34,Female,27882,82,Bronze,PayPal,East,26,436.37,2024-09-26,2.6,10,6.4,1,0
f24db356-96bd-4d83-a0ee-cc6fefa8b6b0,60,Male,117683,76,Gold,Cryptocurrency,North,25,319.0,2024-08-04,1.3,8,3.17,1,3
e588cc8c-b1c6-4c63-8395-e6fa68e19fd1,54,Male,109299,35,Platinum,Debit Card,North,21,208.68,2024-11-14,5.0,14,3.05,3,0
20cde281-bb3f-42c2-a78f-3ffcb94965a1,47,Male,45700,34,Bronze,PayPal,Central,28,114.3,2025-03-09,3.7,17,2.15,1,1
e19527b5-8cce-44f8-9237-4d296391212f,18,Male,37986,19,Bronze,PayPal,Central,18,216.88,2025-01-19,1.4,11,8.76,2,0
3e2ec7f9-a405-424d-90fb-034103ae8740,41,Male,33543,53,Bronze,Cryptocurrency,West,22,174.36,2025-06-13,4.5,15,6.79,2,1
3f165d4e-e491-4130-9055-93413d92258b,51,Male,108715,33,Bronze,Credit Card,East,19,316.49,2025-03-25,1.9,14,3.07,1,0
e6f8b234-9608-4c4a-9161-3b072792b7f4,40,Female,39513,55,Bronze,PayPal,North,23,140.51,2024-11-07,4.7,17,4.15,2,2
a70cd895-d90a-443b-a39f-6a02744fd817,57,Male,136853,63,Platinum,Debit Card,East,22,197.04,2025-04-02,1.2,12,1.74,2,0
9de497c9-9467-4d35-a81c-1319a9ea8161,57,Female,132491,3,Bronze,PayPal,West,18,114.38,2024-09-17,4.3,15,8.32,1,1
4704f3ea-5256-4726-a68b-5b47eed87c1f,52,Female,113787,94,Silver,Credit Card,West,20,333.24,2024-08-16,4.7,15,4.98,3,3
90b4ef6b-0ded-43eb-93a8-b2bec8ff857c,66,Male,141889,32,Silver,PayPal,Central,21,113.65,2025-01-05,1.8,15,2.97,1,1
60fa624e-d7cb-44e4-91eb-e945bc670e09,40,Female,65382,71,Silver,Debit Card,North,24,152.55,2025-05-02,5.0,11,5.07,3,1
d7ca3b87-4fec-4b6a-b636-a7401713028e,28,Other,67582,18,Silver,Credit Card,East,17,410.72,2024-12-09,5.0,12,2.92,1,1
ceaff847-ded0-4a10-a6d0-4237860b60a5,20,Male,25702,24,Silver,Cryptocurrency,North,21,160.98,2024-11-03,2.3,13,9.39,0,0
55aa4f2b-e422-49cd-a0b5-da9f7e8abe8c,47,Male,55435,80,Bronze,Cryptocurrency,East,21,296.66,2025-04-09,2.5,21,7.5,1,3
2bbd1096-d985-4407-bc07-b1f1d11ddeb7,49,Other,124041,39,Silver,Cryptocurrency,East,23,437.3,2024-09-07,4.1,17,4.35,0,1
00e8941c-67a7-4bf6-9277-6681ca84a4a0,58,Female,77841,17,Bronze,PayPal,Central,20,250.58,2024-07-18,1.4,20,6.46,2,2
d13049b6-daa8-4b8e-96fc-6a188e84d211,48,Female,50312,41,Silver,PayPal,East,21,398.79,2024-09-27,2.0,15,5.0,2,1
6b88657c-2779-4ae4-926f-e17d36810122,67,Other,47488,72,Silver,PayPal,Central,22,268.27,2025-04-23,3.4,8,4.32,0,0
d8bb1687-5bc8-4516-821e-cd224fdf6d25,67,Male,68435,73,Platinum,PayPal,South,23,280.71,2024-07-01,4.5,12,4.19,1,0
4f6c1b1b-3f77-4f5e-a182-2b56b14e5acb,51,Male,38254,46,Silver,PayPal,East,20,444.09,2025-01-19,3.0,15,4.67,1,0
cfa0d17d-b75d-4fa2-8bdc-30466643aed8,58,Female,93131,57,Silver,Cryptocurrency,East,19,215.45,2025-06-14,3.4,8,3.38,0,1
1b5e06df-9e64-4713-bc66-e65a166bbfdb,53,Female,37423,31,Silver,Credit Card,South,18,101.36,2024-10-29,2.4,7,5.1,1,3
3f4a52ea-939e-4677-b9ba-7778fe8f78f6,40,Male,37957,18,Silver,PayPal,South,11,213.22,2025-04-16,4.7,17,4.03,0,1
c863305d-fc66-42fc-8f99-512430810a63,38,Male,22484,97,Bronze,Credit Card,East,31,126.55,2024-10-14,3.3,13,6.34,0,1
359c88a0-62cf-4a53-a3ac-ac6b64c4b353,69,Male,66546,85,Silver,Cryptocurrency,South,17,444.15,2025-05-09,4.8,15,5.46,1,2
51da7e25-b587-47fc-8efb-3add01d2fd2b,42,Male,62974,15,Bronze,Debit Card,Central,14,384.72,2024-07-30,1.9,15,4.42,2,0
b82c9832-da3b-4b10-ae37-a6bc81c5619a,58,Male,113110,68,Bronze,Credit Card,North,14,99.79,2024-08-18,3.6,14,4.85,2,0
5d4faa53-21f3-4c5d-9e59-d50577b6b7a1,52,Female,98243,84,Gold,Debit Card,North,19,165.89,2025-01-10,4.1,13,4.95,7,1
b1ad7c3d-d24a-4e12-957b-e386947ad30a,35,Male,34537,15,Gold,Cryptocurrency,West,14,277.28,2024-10-06,1.6,10,3.99,4,1
abf6618e-2537-4111-89b2-6fcf401031c8,26,Female,73570,87,Silver,PayPal,South,16,214.8,2025-04-19,1.3,19,5.16,4,0
db539454-c853-4e31-8597-941e0a63e96a,21,Female,74888,45,Gold,Cryptocurrency,West,20,354.12,2024-10-20,2.1,28,4.55,0,0
19a0ff95-b698-4723-ac39-7393b3e1df48,23,Male,40661,85,Bronze,PayPal,North,17,296.32,2025-04-30,1.8,15,4.63,2,0
18c5745b-c29c-4ae8-a1c6-eaeddce71c1b,67,Male,24793,19,Bronze,Cryptocurrency,West,17,203.34,2025-01-23,1.0,20,7.89,1,0
4644a27c-a87a-4352-87b4-720d8305439a,51,Male,91028,81,Silver,PayPal,Central,14,316.25,2024-06-28,1.9,20,3.31,2,1
ebb2481f-695d-4e52-ae22-39b034371dc8,48,Female,62541,28,Silver,Debit Card,North,25,136.32,2025-03-26,4.4,18,4.77,2,0
21949dec-503d-4a1a-ac0a-e3b1522bd418,46,Male,115157,55,Gold,Credit Card,North,16,351.61,2024-09-27,3.7,17,6.01,1,0
00862f53-9e8f-428b-81b2-8b42a5fc32f7,59,Female,124342,49,Silver,Debit Card,North,25,425.3,2024-12-04,4.0,14,3.08,1,1
07721323-62a3-4a24-b275-3523d5f811c7,33,Male,94217,36,Silver,Debit Card,South,18,239.86,2025-04-02,4.5,18,3.43,2,0
e13977fb-b646-4d63-838a-55a95647f4c1,40,Female,134576,87,Gold,Debit Card,South,16,385.28,2024-12-12,3.3,16,4.13,2,0
348ac3a0-5e15-4fe3-9194-3e7860da55cd,56,Male,63884,6,Platinum,Credit Card,West,10,77.98,2024-08-27,4.8,12,5.59,1,1
27a69cbf-b694-4d89-8d4d-4d052300dba9,58,Male,73685,26,Silver,PayPal,East,35,246.3,2024-11-29,4.5,18,6.93,3,0
925f5144-fc48-4c48-886f-9439ac1a50e0,22,Male,29096,49,Bronze,Credit Card,North,23,48.04,2025-05-28,2.8,15,8.35,1,0
a242dc64-3b19-44c3-ae3a-cadf38c22ef8,21,Female,38073,25,Platinum,Debit Card,North,15,186.66,2025-03-29,2.2,21,2.63,2,3
264999c9-f638-4ba0-9e93-fbd76a8f0f5e,41,Female,109422,63,Gold,Cryptocurrency,East,17,328.44,2025-03-28,1.6,15,5.73,0,1
8da1e748-f22d-4d6b-a65e-ab89f43d1d68,19,Female,62981,24,Gold,Credit Card,North,25,73.73,2024-08-07,4.5,14,5.93,1,1
ba38f37f-6d33-4e34-aa28-a13c8a71fcd4,47,Female,106181,81,Bronze,PayPal,North,16,28.36,2024-09-17,1.6,15,7.24,1,1
53c45cd7-f7d2-413c-988e-d7173ac53eca,64,Female,44592,69,Platinum,PayPal,North,19,368.73,2025-06-17,2.9,14,6.4,0,2
30440087-c2df-4d16-8020-1488719b9ea9,43,Female,103086,24,Bronze,Cryptocurrency,Central,21,99.31,2025-01-21,2.0,16,9.59,4,0
834b0634-9065-4de1-8914-519d828d8a76,43,Female,70139,91,Platinum,Credit Card,North,22,315.84,2025-02-06,1.6,19,3.53,5,0
2a755583-0af7-4869-831f-da0a193c3f24,52,Male,125940,99,Silver,Credit Card,Central,27,481.62,2024-11-02,3.8,19,5.4,0,0
7d6ecaed-08ee-4875-b9ab-721f2259c9cd,61,Male,30916,89,Silver,Cryptocurrency,Central,17,94.84,2024-12-13,1.0,12,6.52,2,0
fcf33162-f168-4fd8-860e-972b346ef4e3,25,Male,91123,21,Gold,Cryptocurrency,East,26,296.48,2025-02-27,1.7,14,3.74,0,3
11e86298-c84f-4cf4-bbb9-f09e7328c360,23,Male,35770,48,Bronze,Cryptocurrency,Central,22,89.68,2025-04-26,2.5,14,5.13,1,1
74e0bf12-cdad-4cce-9a5d-5af49af0c401,42,Male,123127,45,Silver,Cryptocurrency,West,26,418.49,2024-09-16,3.4,9,3.01,5,0
467961be-ca8e-4057-b003-13c7201c530c,55,Male,70157,13,Gold,Credit Card,North,25,431.86,2024-12-24,1.8,12,2.13,3,0
29e06178-7d10-4194-807b-c34ba6e1639c,62,Female,71332,35,Bronze,Debit Card,Central,16,286.44,2024-08-22,4.2,19,4.51,4,3
b6182c27-8714-49d8-b7be-030795f90e6e,23,Female,128050,17,Gold,Cryptocurrency,North,22,21.25,2024-12-02,4.5,9,7.35,0,1
e104a3da-1336-40de-ab97-0eee241d2e7d,60,Male,99921,7,Platinum,Cryptocurrency,North,18,295.54,2025-04-19,2.7,11,3.41,1,1
0bb4d524-0d70-44fe-9910-8c57e962f2cf,49,Female,130287,18,Platinum,PayPal,South,16,47.14,2025-01-11,1.9,12,0.85,1,1
3279e9ee-007b-4e6f-b518-8b3d356b3f29,33,Male,128380,96,Silver,Credit Card,East,20,58.58,2025-01-09,1.4,10,4.66,2,0
940d8e1f-a96c-48de-8591-6d007898048b,54,Male,50773,4,Bronze,Credit Card,East,23,112.09,2025-02-23,3.2,15,6.45,0,0
6a816a04-18b1-44f4-a9cb-64ee2d541be8,56,Male,76284,38,Gold,Debit Card,Central,19,460.37,2025-02-26,3.3,16,4.94,1,0
f55cb1ae-5f46-4e5d-b587-a67ff27cc8b7,57,Male,142232,85,Silver,Cryptocurrency,South,17,242.61,2024-11-16,2.5,10,4.14,2,3
2ced0abc-3a38-43ed-b1f7-9a0e8e9c891f,41,Other,67373,61,Silver,Cryptocurrency,Central,14,480.85,2024-10-17,1.5,12,5.59,2,0
5669717b-815e-4342-ab47-a38199448530,31,Male,113639,89,Silver,Credit Card,Central,20,45.88,2025-04-07,2.1,13,4.04,1,0
8f034da3-16e0-42a6-a370-846f9d9c6fd6,49,Female,126694,30,Bronze,PayPal,North,30,83.37,2024-11-17,3.0,12,5.04,3,1
ae6cef17-4b98-4cc2-9ee0-68177040cc86,28,Male,64508,37,Gold,PayPal,West,21,475.3,2024-07-29,3.2,17,2.13,2,0
60c37f6e-134d-4f3c-96f2-0d127237c553,65,Female,88273,41,Gold,PayPal,East,22,311.88,2024-10-01,4.2,13,3.89,0,3
56f582c3-9009-47a1-9860-ee96df916b8d,66,Male,64957,81,Silver,PayPal,Central,19,330.01,2024-06-23,1.6,20,8.08,2,0
8c723ef5-d28a-4bfc-b8fe-0a746023174a,68,Male,50692,87,Gold,Debit Card,South,19,478.68,2025-01-05,4.4,19,4.46,2,0
0726a676-b804-4b59-a09a-f1a33e3e308b,59,Male,93765,79,Gold,Cryptocurrency,East,21,51.92,2024-09-05,3.4,11,4.81,3,1
ab443c6d-96ef-4496-8846-f28e896798cd,44,Male,29635,86,Platinum,PayPal,West,30,437.91,2025-01-02,1.2,17,5.58,0,0
fc96fa9a-8fde-4764-90de-88b34e50cbb8,64,Female,48281,67,Bronze,Credit Card,East,22,448.77,2025-04-30,5.0,14,5.48,1,1
bfb896e2-1fca-4686-b844-56bfb9febdd0,40,Other,148012,66,Silver,PayPal,Central,22,190.05,2024-12-31,1.3,11,4.33,0,0
58bd3f43-0b5d-4347-aba3-bcb09267d911,62,Male,31891,23,Bronze,PayPal,North,19,493.59,2025-05-04,3.0,18,7.06,2,0
2be39434-fa78-4987-b455-69cf88e8d2f6,46,Male,82539,77,Bronze,PayPal,West,22,296.81,2024-08-20,4.7,19,2.27,3,1
a561097f-acc3-4747-98bc-5f749d449515,43,Male,41058,92,Bronze,Credit Card,West,18,94.32,2024-07-24,4.2,14,2.62,1,0
dccb1a89-f6e6-4c05-864d-7d7fe5e0b295,47,Male,51174,69,Bronze,Debit Card,West,20,122.98,2025-06-14,1.1,13,3.12,3,1
f9aecc66-9432-4c62-81ca-df7c152c1950,19,Female,125763,55,Platinum,PayPal,Central,16,89.19,2024-11-01,3.3,13,4.53,0,0
ecbf3937-664e-45fc-92af-734ef407e8a4,64,Male,126507,75,Gold,PayPal,East,13,357.82,2024-07-01,3.8,12,7.11,1,0
729925a4-90ed-4494-a694-09336f6fa517,50,Female,142189,29,Silver,Debit Card,West,17,10.7,2024-10-18,1.5,16,2.23,1,2
60fd3f66-875e-4ef3-acb5-294b15f8163f,62,Female,147422,36,Silver,Debit Card,North,21,286.81,2024-08-15,1.2,16,3.74,1,1
b1e5f0d2-8859-4ba6-9b22-bce3323f3dbb,69,Female,100225,58,Bronze,Credit Card,East,20,399.16,2024-08-08,4.4,10,2.86,2,2
d41a748c-df34-4130-a467-4c2c47ff5bd8,67,Male,41483,22,Bronze,Cryptocurrency,North,21,244.23,2024-12-18,4.3,17,6.72,3,1
01239a25-d4e3-4583-93a8-f816f1b32921,56,Female,130363,3,Bronze,Cryptocurrency,Central,19,247.04,2025-05-26,1.1,16,4.43,0,0
4ab63a33-0d83-4e63-a6e0-716e37206087,34,Male,146559,45,Platinum,PayPal,North,15,367.07,2025-02-13,1.5,18,8.32,2,1
db3aeda9-af32-4441-8032-69ce61866fef,64,Female,99214,53,Gold,Debit Card,North,15,287.96,2025-05-26,4.9,11,6.52,1,0
4a1a6465-7b2e-48fb-a3f5-5b3343d59cb9,23,Female,30244,82,Platinum,Debit Card,West,25,141.71,2025-03-10,1.9,11,6.68,3,0
6ded7282-3ebf-40bf-999e-9944c84266f1,69,Male,23571,8,Silver,Credit Card,East,27,156.86,2024-10-19,4.8,13,5.67,1,3
b9527572-604f-4205-a0f0-a0567d8386d5,42,Female,50755,86,Platinum,Cryptocurrency,South,19,392.4,2024-07-05,4.9,12,5.67,2,1
024f4055-5f46-40e3-af13-f54e89dfcb76,25,Male,74470,13,Bronze,Debit Card,South,19,231.23,2024-10-26,1.6,16,8.35,2,0
349f2c35-90e3-413f-bdc2-1554bcb3bfce,27,Female,137798,79,Silver,Cryptocurrency,North,21,145.68,2024-10-17,1.8,20,8.46,3,0
ff54b238-735a-4390-a7ef-11e56fd1124f,67,Female,33018,78,Gold,Credit Card,South,18,244.5,2025-01-03,2.0,20,5.16,3,1
afd5a5e3-23c4-454f-90a5-fa0bdb73e470,48,Female,90908,33,Bronze,Cryptocurrency,West,18,442.86,2025-03-14,2.3,13,7.21,3,3
2abfa0a2-cd27-4127-8837-93defe73aa22,23,Male,24652,44,Silver,Debit Card,East,16,484.42,2024-12-07,2.7,16,3.48,0,0
9e06019c-3747-4846-8ba0-40844d0e782a,38,Male,47268,55,Platinum,Debit Card,East,15,167.42,2025-04-24,2.4,19,5.9,4,0
22b3f6be-f7ac-457d-8b31-423a4f0a0b80,41,Male,106665,6,Gold,Credit Card,East,15,206.78,2025-01-03,1.3,20,2.29,2,0
19939004-f446-4a94-9cf7-a55ebf806ce0,68,Female,108324,48,Gold,Credit Card,North,20,38.13,2024-09-27,1.2,12,4.61,1,2
beb368b6-5bf0-4529-9dc1-9180ca2833d5,21,Other,108118,75,Bronze,Cryptocurrency,East,28,183.15,2025-06-14,3.3,12,4.17,1,1
31915f2f-eac4-4ee2-b3c4-20ea43b7423c,44,Male,60834,3,Bronze,Debit Card,Central,23,217.7,2024-11-22,4.1,9,2.39,4,1
4cbc0eee-96f6-4b45-8052-161c85108c5d,31,Female,29825,96,Bronze,Cryptocurrency,Central,15,378.54,2025-05-07,3.0,13,6.04,0,2
68244da8-556d-4178-9a4c-88e07e1c5ebb,46,Female,140536,92,Gold,Debit Card,North,20,350.6,2025-05-21,1.1,16,4.46,1,1
5d424dd0-1991-403c-b62d-9e8899dfac61,28,Male,54956,36,Platinum,Credit Card,Central,20,51.07,2025-04-05,4.7,17,7.22,3,1
2bbe26aa-ec25-404f-a2e8-fc43bcc22324,69,Male,28222,41,Bronze,Credit Card,West,23,21.53,2024-11-09,1.5,18,1.6,0,0
ac55d02e-3d71-462a-8e92-1e96a55d7a40,58,Male,98872,75,Bronze,PayPal,North,17,318.72,2025-01-13,2.3,15,2.2,1,0
32466a09-5379-4f14-8ccb-9dd5c72dd7ef,64,Male,147148,24,Silver,Credit Card,West,19,222.85,2024-06-29,1.9,10,8.67,1,1
214280b8-be91-4010-ac8a-3fd3c6544935,41,Male,64688,68,Bronze,Debit Card,West,30,188.27,2025-02-10,2.9,11,1.93,1,1
003936ef-71e4-4984-97f9-949175ec7928,61,Female,91101,34,Gold,PayPal,East,15,106.43,2024-09-20,4.2,14,6.09,0,2
896e1551-6ad8-4a74-bd9b-71d029ccf411,48,Male,110860,55,Silver,Cryptocurrency,North,16,381.98,2024-06-30,3.3,15,3.27,1,0
a0545366-1a84-4ecc-bd02-9c15fce74f17,66,Male,79938,90,Gold,PayPal,South,26,350.07,2024-08-09,2.1,11,2.07,0,2
6dca7ce1-6a37-45c3-a7f4-faf9bd377ccb,44,Female,58547,96,Gold,Debit Card,North,17,76.57,2024-08-01,3.7,10,2.87,1,1
1740eb55-c02d-46dd-bbf1-6da3df7f233e,34,Male,126555,24,Bronze,Debit Card,Central,21,409.71,2024-08-21,2.1,11,5.55,1,1
5d437f17-4f9f-4e19-81df-a681c2e03870,49,Male,61280,83,Bronze,Credit Card,Central,19,288.09,2024-10-10,3.7,15,7.55,1,0
c6de0f12-ee82-431e-a339-62216411eff0,50,Female,129611,34,Silver,PayPal,South,21,53.39,2025-01-06,2.3,18,4.34,2,1
cbc67650-e300-4728-80bd-06b2380920ed,39,Other,100587,31,Silver,Credit Card,Central,24,128.17,2024-08-04,1.7,15,2.77,1,1
a2ac8177-8302-4774-9b70-f6b93b828ea4,59,Male,38565,16,Silver,Credit Card,South,21,191.65,2024-12-25,2.2,19,5.98,1,1
a6c1cb8c-deb7-430c-931b-a6ea2897181e,45,Male,147257,67,Silver,Debit Card,South,17,479.61,2025-01-31,3.0,12,7.25,1,2
e1c6c4d8-ff64-45c1-824d-7e7db80a44d7,37,Male,133204,2,Platinum,Debit Card,East,25,400.98,2024-11-29,4.4,15,7.02,4,0
ae0b648f-e4ab-4693-8f32-200e46605a0e,52,Male,115490,30,Platinum,Cryptocurrency,North,15,195.21,2025-03-26,3.4,18,2.75,0,0
eda2f793-3d41-475d-9d09-31d851d29411,27,Female,111189,33,Silver,PayPal,South,15,89.65,2024-11-21,4.9,14,1.59,3,1
4885cc8f-e72e-489f-b8ac-2362b300a06c,37,Female,68960,51,Silver,Credit Card,North,21,138.76,2024-09-19,2.2,13,5.64,3,1
6d075ad4-7c18-493b-9028-4544640e0078,20,Male,43268,57,Silver,Cryptocurrency,West,26,458.73,2025-01-01,3.1,14,3.65,0,1
e59448dd-a157-4cd0-93ff-fbf026a29235,33,Female,43154,81,Gold,Credit Card,South,24,340.82,2025-03-11,2.6,13,2.95,3,0
63a7b5c3-3f1f-45a6-9691-a89bb2854e45,25,Female,103942,67,Bronze,Credit Card,East,23,487.09,2024-07-19,3.6,19,3.74,0,1
dc4af6a2-d560-47e3-ad65-db8e22cb96e4,30,Male,71025,92,Platinum,Credit Card,South,20,180.7,2025-03-18,2.7,19,2.76,2,1
f53f17df-eb92-4e14-b37b-b0e7949cfb14,22,Male,108247,79,Silver,Debit Card,East,17,331.9,2025-04-02,2.6,14,4.06,2,1
303ef04d-460c-4152-8a20-312c1c00171c,40,Female,122491,10,Silver,PayPal,North,13,155.6,2024-07-22,2.5,9,5.2,1,1
caef0e57-6584-492b-9e9e-3e5539334312,66,Female,75134,4,Gold,Cryptocurrency,North,20,278.42,2025-04-21,3.6,19,4.22,1,1
a84fb474-c31d-460a-947f-b984e9e57a97,42,Male,38595,10,Bronze,Cryptocurrency,North,25,259.54,2025-01-20,2.5,13,7.52,0,0
1e5a5497-a361-421c-b3b1-453454b9816a,34,Male,79516,87,Silver,PayPal,South,21,18.85,2024-11-19,4.6,14,0.64,6,0
8b2d6ddf-24f4-4011-a2f0-1702c97b94a7,60,Female,113439,16,Bronze,Debit Card,South,22,65.62,2024-10-13,3.9,16,3.63,3,2
6989fa6b-93b4-4a8f-ae86-aa0f467c1cc5,49,Female,97482,44,Gold,Cryptocurrency,East,19,335.98,2025-02-10,2.9,14,2.6,1,0
ce0f6d0b-4cb4-4906-ab12-956e06d1c9a7,64,Female,122974,16,Silver,Debit Card,West,17,234.33,2024-08-09,5.0,26,3.35,1,0
373ca855-dd11-4bb3-b83e-7d05d88f1933,21,Male,76973,61,Bronze,Debit Card,Central,22,414.09,2024-07-21,3.0,12,3.54,0,0
0343af9b-1398-4c48-919f-a17ebecd48ab,64,Female,119732,35,Bronze,Credit Card,South,18,333.21,2024-11-12,1.4,16,1.52,2,0
ce444039-df78-4ab3-b397-bf35e4596ac5,35,Female,51852,41,Platinum,Debit Card,West,15,241.89,2024-12-07,4.0,12,4.75,0,1
0d560276-c633-47b0-af21-d7cdd7f1841c,27,Male,107941,84,Silver,Cryptocurrency,North,23,338.85,2024-09-17,2.2,26,0.72,1,0
05755e65-ce52-4592-acc4-9f5c3099fa73,60,Female,135164,50,Bronze,Cryptocurrency,East,22,75.51,2025-04-21,2.5,17,5.57,1,0
a68bcd2a-c910-48f4-8113-c95bba923e5e,34,Male,60285,16,Bronze,Credit Card,West,16,287.96,2025-06-07,2.7,15,4.92,1,1
e7d3bfe4-dc20-433f-a0f2-44a0227a6a48,66,Female,111894,67,Silver,PayPal,East,27,243.46,2024-11-14,4.7,28,5.49,0,1
da0a7709-7fa7-460c-8eaa-818d088b9c63,28,Female,41910,49,Gold,Credit Card,West,24,14.09,2025-04-05,2.8,23,6.2,2,0
50811145-6219-41a9-958e-a26856c69524,69,Male,31885,21,Bronze,PayPal,South,19,497.04,2025-05-18,4.8,10,7.9,4,0
c58bed06-72fe-4153-bdcd-794779742175,25,Female,141691,8,Bronze,Cryptocurrency,Central,17,162.74,2024-08-15,2.1,12,4.81,2,0
d1f8980a-247b-4c6f-ad4a-e86d4885354d,64,Female,102054,3,Silver,PayPal,Central,31,156.86,2025-02-23,4.1,24,3.58,0,0
c147faa7-ac14-49de-b754-c128326cef2f,69,Male,103576,30,Bronze,Credit Card,North,17,158.77,2025-03-17,4.2,14,5.68,2,0
9e0bbd80-f329-4203-bd43-6ead7ce3f86a,34,Female,53428,69,Bronze,Credit Card,West,24,105.44,2025-05-22,2.1,16,5.4,3,0
0b177284-27a3-486a-8a67-8491e89a8d87,31,Male,81971,37,Bronze,PayPal,North,20,484.76,2024-11-19,2.8,13,5.76,2,1
6afb7af3-1fdb-4294-8062-cc9824d10fef,23,Male,86105,25,Silver,PayPal,Central,24,475.3,2025-01-25,2.7,13,6.11,4,1
67fea3c6-9e05-4788-b096-2d977c668205,63,Female,141443,10,Platinum,Cryptocurrency,South,14,414.9,2024-07-27,3.4,17,0.54,1,2
16d04b46-bb8b-4861-b845-5169b7db9dbb,48,Other,21267,6,Bronze,PayPal,East,20,324.57,2025-01-11,3.5,18,8.67,1,2
dbb13d21-c826-4613-9b84-3fc5255f3161,68,Male,129371,86,Gold,Debit Card,East,23,189.38,2024-12-17,1.6,12,7.59,1,1
c7ca4ebb-8141-472e-a679-f4ddb6412cde,30,Male,121511,99,Silver,PayPal,South,17,304.1,2025-02-02,1.3,19,3.42,1,0
ff2315da-65a0-4da1-82e7-94c695af2b4e,35,Female,112905,8,Gold,PayPal,East,16,400.95,2024-07-25,3.0,23,4.9,1,0
4150eb36-0bc1-4749-81e3-6d6305232531,41,Female,28834,66,Silver,Debit Card,Central,18,337.18,2025-01-01,3.3,18,6.27,3,0
e025127a-2618-4cf8-a3af-3d38ca52c97e,34,Male,58872,63,Platinum,Debit Card,North,21,112.67,2024-10-28,4.3,16,4.42,1,1
fb0a2ced-3ab3-4350-91e0-707cde93adc1,63,Male,108264,13,Silver,Credit Card,North,10,435.67,2025-03-08,4.8,20,8.52,1,1
ffdd0f56-dd9a-44d8-bf5f-22a16945b382,49,Female,117065,88,Silver,Cryptocurrency,South,20,468.91,2025-03-18,2.7,18,4.98,1,2
5df36a61-d38b-4968-ba9f-a5c6ac9c966b,48,Male,74004,38,Bronze,PayPal,Central,16,124.11,2024-08-23,3.0,12,0.5,4,1
c94bffb5-565d-46c7-8770-b8f22b4298ad,54,Female,99066,21,Gold,Cryptocurrency,West,25,486.21,2024-12-29,2.7,12,8.43,0,1
f7f68a7d-9892-4ca6-9d7c-be519bf4cf49,31,Male,121477,82,Silver,PayPal,Central,19,253.04,2024-07-08,2.4,12,3.59,2,2
6618d03f-5326-47b4-a546-1886a70bbc56,32,Male,57455,31,Bronze,Debit Card,South,19,465.7,2025-02-17,2.7,15,2.53,3,0
a79f24a0-26e2-446e-8590-f05607b153f4,62,Other,117980,69,Bronze,Credit Card,South,25,491.9,2025-03-19,4.8,17,6.36,2,2
af9ac593-6b0a-43b5-84ee-b71f37cbb0aa,47,Male,61970,56,Silver,Cryptocurrency,North,13,12.67,2024-10-23,4.4,20,6.89,4,0
502d66e6-4b96-4310-a9c6-657f43c85e46,32,Male,83288,45,Bronze,Debit Card,South,27,321.74,2025-02-23,4.0,8,5.18,1,2
39db780d-e6d0-4f74-86c1-69c5b0c46ada,26,Female,67408,3,Gold,PayPal,West,22,200.09,2024-07-06,1.9,16,4.86,0,0
cefe4bd1-016c-4ee6-b365-4d5c3c00f07a,45,Male,114135,92,Gold,Credit Card,South,15,446.06,2024-11-11,2.4,15,5.89,0,1
acd09883-0c1b-44a3-8d60-41a55f5b02b4,22,Male,118754,19,Bronze,PayPal,South,26,244.67,2025-01-04,2.6,16,5.15,3,1
e01bbe87-1a08-40c3-bd0e-1d9869c21ed0,68,Male,48325,45,Platinum,PayPal,North,14,138.22,2024-10-20,4.2,15,6.1,1,0
2d7ab97e-37ba-4af0-82e9-7da8951c6384,61,Male,130515,48,Silver,PayPal,West,28,65.91,2025-03-08,3.1,8,4.24,0,1
fc4f9802-f0dd-4950-8424-accd0e13954e,48,Female,20638,99,Gold,Cryptocurrency,West,20,444.4,2024-10-12,4.0,10,7.43,0,0
8099c94d-fd43-443a-8d1a-ce6889d884c8,35,Female,36631,67,Silver,Debit Card,Central,24,63.26,2024-12-09,1.4,15,10.48,1,1
e1d8a6d2-cd7d-41c8-a10b-d69ffe3f4802,43,Female,104860,11,Gold,PayPal,South,23,299.83,2024-09-01,3.5,19,2.0,1,0
9a8a5de5-51b7-4fad-aef4-08e608a59e3e,62,Male,29533,97,Platinum,Debit Card,West,21,12.87,2024-11-14,5.0,14,1.83,4,0
84c02fe3-338d-4406-95f6-d21e5c02b401,51,Female,82993,85,Bronze,Debit Card,Central,23,396.66,2024-07-12,5.0,15,8.34,1,3
977b8088-3c8e-4be3-8eb1-b136561edfa1,31,Male,54563,13,Bronze,Debit Card,North,25,474.55,2024-11-11,1.4,18,6.89,0,1
a9d416f3-b2db-406f-a507-7ae07e3e1823,66,Female,115515,30,Silver,Cryptocurrency,Central,24,293.22,2024-07-04,1.8,13,1.05,1,1
e07eefd3-04e2-45ac-bf68-203dd9f3904f,29,Male,43358,85,Silver,Credit Card,East,22,388.59,2024-08-30,2.8,14,6.17,1,0
fc13ed87-1f1e-4b5c-9515-5f5177390c2b,26,Female,103973,28,Bronze,Cryptocurrency,Central,19,59.93,2025-02-05,1.2,15,4.49,1,1
42e41dad-6ba6-4970-a5e6-18bbc89fc012,36,Male,88773,57,Bronze,Debit Card,Central,18,131.77,2024-08-22,3.0,15,7.66,2,1
99f6fdf1-8fec-422e-a14f-ef539182e2b4,20,Male,72878,45,Silver,Debit Card,West,21,15.24,2025-02-19,3.8,21,3.25,1,1
6491961c-b67b-4165-b50c-e9c23aef4a88,54,Female,97807,13,Gold,Cryptocurrency,East,22,407.55,2024-10-02,3.3,19,3.51,2,0
144ff6e5-a391-4fd6-9229-ddd2892bb37c,24,Male,62973,57,Silver,Credit Card,North,12,44.22,2024-10-06,1.1,15,5.1,1,0
1750a4a4-63ae-48ff-8f00-389a4239e82f,37,Male,65680,91,Bronze,PayPal,South,20,431.43,2025-05-24,1.8,12,4.84,1,0
126a643c-76f6-40f3-bcd6-a68c935560fe,43,Female,47649,26,Bronze,Debit Card,South,20,36.16,2024-10-05,1.6,14,2.28,1,1
f2f2fa8d-d6e2-4d32-b841-7c557f3b92b6,26,Male,94904,2,Bronze,PayPal,West,25,311.16,2024-11-07,4.2,14,6.38,0,3
172f6167-2768-49fe-8bdf-29e18ba1f88e,46,Male,90561,11,Bronze,Credit Card,West,25,320.53,2025-04-18,2.2,11,2.18,0,1
d73ba9be-c8f4-4c86-871e-b4cc256427ec,37,Female,75149,81,Bronze,Credit Card,North,33,28.76,2025-03-11,2.4,23,7.17,2,0
cd440fe3-267f-4619-9740-d5cad43e5b8a,49,Male,60517,49,Platinum,Cryptocurrency,South,26,366.23,2024-12-08,3.6,17,5.71,1,0
ee7876cf-c46d-4bbb-be6b-1067473f4b7d,18,Female,21634,19,Bronze,Debit Card,West,22,30.83,2025-01-25,2.7,12,5.47,3,0
eec0c9f7-bc4f-4076-949b-9d064b8fb3cb,36,Female,108417,10,Bronze,Cryptocurrency,South,20,245.93,2024-12-04,2.0,18,5.54,2,2
9168e10d-9748-4c8d-bcea-9e7ac3cc196e,40,Male,79722,68,Silver,Credit Card,South,18,337.85,2025-05-19,3.2,9,4.13,1,0
a80e41cd-eaa3-45e9-a81f-ea7d7fc5f1da,53,Male,95224,60,Silver,Cryptocurrency,West,22,183.06,2024-07-16,1.2,15,5.65,2,1
f5c350ed-61c7-40e3-add7-8a68832b800f,31,Male,62523,26,Bronze,Credit Card,Central,21,351.07,2025-05-08,1.8,14,5.93,1,1
8f36a247-8447-47c5-b02f-5c9a3b796cb0,52,Female,76278,71,Silver,PayPal,North,27,135.59,2024-08-16,1.6,22,7.0,1,0
638ad634-3209-4bd3-8462-0f25335543e2,61,Female,47774,50,Silver,PayPal,West,24,448.47,2024-11-05,3.3,14,4.03,5,2
314c0f00-4d60-4390-a1d1-2a80d44ccb0b,45,Female,119053,60,Silver,Debit Card,Central,11,160.75,2025-02-26,3.0,18,4.1,0,1
feab7a91-157e-4fe9-8261-bec2b400baa1,56,Male,134162,88,Silver,Cryptocurrency,West,18,232.21,2024-07-05,2.0,13,4.18,1,0
d87d2629-47e6-41de-a8ce-8f12a7c183eb,29,Female,69284,83,Gold,Credit Card,East,25,476.43,2025-03-30,2.3,14,5.1,2,1
0011aa06-3425-4376-9ebc-6d7bb107190b,28,Male,142761,26,Gold,Debit Card,Central,21,14.63,2024-12-21,2.8,13,6.63,0,2
fabba280-2952-47e1-a995-0bccecdadf2c,21,Female,114303,89,Silver,Debit Card,Central,16,290.83,2024-11-22,4.2,13,3.61,4,0
180097f9-1c13-48ac-af02-d1d82176040e,50,Female,79633,76,Bronze,PayPal,South,28,183.71,2024-11-20,1.3,18,4.12,0,1
5e0d997b-2cf0-4daa-a52a-55bf8823dce4,23,Female,77811,69,Bronze,PayPal,South,20,447.41,2024-11-19,2.5,19,4.86,2,1
2e6e3119-f218-4930-ac8d-4e5ccbf75651,63,Male,38982,22,Silver,Cryptocurrency,East,27,314.03,2025-01-23,1.1,19,6.43,2,2
42a6aaa7-b06a-4a3b-b399-f81eec4e2814,41,Female,68180,92,Gold,PayPal,East,17,352.11,2025-05-20,1.4,13,5.01,1,0
c054e50a-c471-4936-8612-b10dbc078c97,59,Female,91229,41,Platinum,PayPal,East,20,170.28,2025-04-16,3.7,14,4.41,1,0
ffd281b5-26b9-4872-baff-2f3ba3203739,66,Female,82323,70,Silver,Cryptocurrency,Central,15,386.55,2024-12-24,2.8,15,4.2,2,0
31242676-aca2-42a7-99a8-049b6c4fded5,66,Other,65643,90,Gold,Debit Card,East,22,134.28,2024-10-11,4.0,12,6.28,0,0
0c159c7f-c340-43c8-b926-13b293a88d03,22,Female,112851,8,Gold,Credit Card,Central,27,85.87,2025-06-13,1.7,19,6.07,2,1
f2c398fd-6e4b-4b11-99b6-dd44b489f7e6,32,Male,46648,40,Silver,PayPal,North,25,25.21,2024-11-14,1.8,19,7.31,1,0
09be00db-6a02-435d-8bc9-77932f4f7db7,21,Female,40734,13,Gold,Debit Card,South,19,343.08,2024-07-26,2.4,11,4.52,1,0
7a86df41-d954-4706-a985-592efe086e48,55,Male,121085,17,Bronze,Debit Card,South,26,386.85,2025-02-19,2.8,20,8.11,0,0
7fdbed1e-2969-4e56-b0c6-f07fa9e95c50,24,Female,97237,1,Gold,Debit Card,South,28,273.63,2024-10-31,2.6,14,2.71,4,0
d31e1c30-5168-465b-9180-788be42695d4,34,Male,44104,33,Silver,Debit Card,South,30,262.9,2025-04-27,5.0,12,5.1,3,0
2b3b5694-c69e-4fd4-b955-ce3ce18ab1b2,40,Male,21705,9,Gold,PayPal,Central,24,92.98,2024-10-21,2.4,12,6.97,3,0
5b22e996-dbb9-4fe2-aa3f-0bab203bb83c,45,Female,141220,35,Bronze,PayPal,North,15,69.43,2024-06-27,2.2,16,3.68,2,0
763525c8-3ecc-45f9-bccf-5fc48ececd17,21,Female,50736,65,Silver,PayPal,North,23,496.59,2025-02-18,1.5,17,4.16,1,2
fb494085-8dcc-4c48-a965-be0928d18640,53,Female,56258,75,Silver,Debit Card,East,19,305.94,2025-05-17,4.2,12,4.71,3,1
dbedea35-aa59-402f-8cd3-f135c73ccf21,63,Female,142950,24,Bronze,Debit Card,South,26,253.66,2024-09-04,5.0,10,4.87,2,0
c105fc84-ad6b-4619-b089-9e2168d9a46b,56,Male,29630,78,Platinum,PayPal,East,21,257.84,2025-05-27,3.6,16,2.33,1,1
27f41b44-1ecc-4dbf-80ea-d024818dc471,43,Female,21552,47,Silver,Debit Card,Central,25,211.83,2025-04-24,3.0,22,4.46,2,0
ad061eb6-75b6-420d-a247-4c05c592ea84,47,Female,70469,89,Bronze,Debit Card,West,24,408.27,2025-02-15,1.0,17,3.71,0,0
02dce631-8fda-48ed-b320-6659fa25b838,59,Female,95427,57,Platinum,PayPal,North,20,386.89,2024-12-29,2.4,12,5.16,2,0
81de8bbe-7738-442d-ad13-5e2e225bfb4b,37,Male,92928,90,Bronze,Debit Card,North,13,291.71,2024-11-12,5.0,18,4.44,0,1
52df024f-8d91-4695-b024-6368626e8cc5,68,Male,22853,55,Silver,Credit Card,East,19,197.71,2024-12-19,2.2,11,3.1,2,1
3be4b299-00c2-4202-a598-fc308e9c919e,46,Other,45257,75,Silver,PayPal,North,26,279.98,2025-03-20,1.5,14,6.11,1,1
bd860887-a3a0-436c-ba36-8ba1610753ff,31,Male,88741,23,Silver,PayPal,Central,31,107.54,2024-10-31,1.5,13,5.32,0,0
a6f2b1fa-9964-42c9-bc74-d95cad3a3e82,50,Male,121728,86,Silver,Cryptocurrency,East,19,145.12,2025-03-22,3.7,19,6.83,1,1
ead5bcf6-f89b-409a-ae95-9bcb301a8d77,24,Male,64162,42,Gold,PayPal,North,17,315.73,2024-06-21,1.4,15,8.86,2,0
5f778627-977e-42f3-90de-90570f3c2086,35,Male,23879,91,Gold,Debit Card,West,24,195.82,2024-11-28,4.5,20,4.59,1,0
0ed078c8-bdb3-45ca-bdd2-92af3c3ffd22,18,Male,117771,29,Bronze,Cryptocurrency,East,20,398.83,2025-04-06,3.0,16,2.52,0,1
9f40afbd-499c-4f14-80f0-53e07347feeb,37,Female,23567,23,Silver,Credit Card,East,23,265.87,2025-04-06,3.6,19,4.57,6,1
a23b01da-9b59-47d3-a7be-a3e8f75f0c30,54,Female,62485,61,Silver,PayPal,East,24,197.6,2025-04-14,3.0,18,3.14,1,0
74bdb54d-e1ee-4d76-b862-28336342ee1c,33,Female,42163,50,Bronze,PayPal,South,20,324.89,2024-10-01,2.4,16,2.85,0,2
24824188-2c49-41c5-b40e-fd01d0bf1e4b,45,Female,127063,50,Bronze,PayPal,South,22,67.6,2025-01-30,2.2,17,4.81,3,2
0db0ea2b-9f4a-4787-81cd-913ad31f613a,64,Male,113316,11,Bronze,PayPal,North,14,92.53,2024-10-12,3.9,19,6.58,1,0
85a09b1f-f61a-46ec-8f71-c92f9defe1f9,58,Female,68762,50,Bronze,PayPal,Central,22,442.39,2025-05-26,4.2,11,9.97,2,0
10b83f55-3614-47a9-9567-509d8c3fb8ba,49,Female,108589,23,Silver,PayPal,North,24,45.12,2024-08-18,4.6,15,2.71,2,0
27337144-f17a-4f74-a08d-5739e4895952,27,Male,39396,29,Bronze,Debit Card,East,28,443.96,2024-10-25,5.0,14,3.82,4,0
f39bd465-aac5-4723-afcf-b048aea4deef,42,Male,63087,4,Gold,Credit Card,East,15,83.58,2024-09-29,2.4,18,3.55,0,1
68256bc9-8c51-445a-b3d8-c359ca3d095b,60,Male,120017,78,Silver,Debit Card,Central,34,440.14,2024-07-13,3.4,17,3.65,3,0
75ce07a6-d5d4-4b1b-86ad-981546022c15,49,Male,121555,83,Silver,Credit Card,East,23,170.31,2024-09-04,4.6,13,7.27,1,1
1395d316-ea95-47a1-a09d-08a9efaa6f61,19,Female,49230,79,Platinum,Cryptocurrency,North,32,127.39,2025-05-19,4.7,21,5.08,0,3
62241268-7eed-4292-8a60-e40e6a81b9b3,34,Other,131690,48,Bronze,Credit Card,Central,22,222.72,2025-06-02,2.8,13,3.01,1,0
f21598de-5653-4188-a8ee-bff6da04b313,21,Male,134847,66,Gold,Cryptocurrency,North,14,83.93,2024-11-17,1.0,17,4.92,2,1
61fcec78-4050-4afb-8fd7-dbf793c1352f,23,Female,144971,48,Gold,Cryptocurrency,West,27,364.48,2024-08-12,1.2,17,7.34,1,0
41d8c7c8-b183-4742-8d63-c34e93889c85,57,Male,133352,6,Bronze,PayPal,West,15,490.19,2024-06-24,2.4,13,5.34,1,1
ff0dfade-66af-4d27-b8de-95cd5dcf044f,56,Male,35904,60,Silver,Cryptocurrency,South,22,193.78,2025-04-25,2.1,15,2.34,2,1
811e73e4-ed82-4c44-bda4-db2dc3474930,59,Male,143938,57,Bronze,Debit Card,North,23,164.3,2024-11-10,4.5,14,4.91,0,0
f8b0458a-3d18-4f34-bde4-b60e5e9e0523,53,Female,42409,11,Silver,Credit Card,East,18,489.48,2024-10-07,4.9,13,7.22,0,1
7926d4ba-c265-4b07-bed5-114aa86ebac2,35,Male,147081,79,Silver,Cryptocurrency,East,13,390.26,2025-04-21,4.2,22,4.0,1,2
fd59550c-ac6b-4157-a004-1ced0337d581,27,Female,133388,58,Silver,Cryptocurrency,North,21,90.55,2024-10-21,1.5,19,5.88,0,0
4e704b24-ba83-4909-968f-381439822625,64,Female,146515,1,Silver,Credit Card,Central,16,451.96,2025-04-15,2.6,14,3.79,0,1
ceedf07a-766b-4c58-b0e5-795f5f9f97b6,68,Female,32685,63,Bronze,Cryptocurrency,West,25,473.62,2025-04-19,3.0,14,6.4,0,1
5516b149-6ed5-4335-967b-6469b5f375e9,59,Other,41959,80,Bronze,Credit Card,West,14,151.58,2025-01-07,2.1,17,4.74,1,0
a19952c0-1bcc-47b1-bc05-d505c8cb08cf,42,Male,29144,67,Bronze,Cryptocurrency,South,20,179.29,2024-10-05,2.7,18,6.33,5,0
2a4246e3-7c12-4ada-a9ac-19ae9b5f6c74,57,Male,89647,73,Silver,Cryptocurrency,West,19,151.65,2025-03-23,2.3,14,5.61,1,2
277ef4fb-5ff6-4fa3-b20b-74bc5244a165,67,Female,143500,76,Gold,PayPal,Central,22,409.07,2025-02-09,4.1,14,5.72,1,2
cb4647a8-f4a1-41ee-bf45-93da2692ea63,32,Female,56397,27,Bronze,Credit Card,West,23,478.04,2025-05-11,4.7,19,7.34,3,1
dbe25c56-2e3c-4505-a767-f4f29e7f8950,42,Male,107983,67,Bronze,Cryptocurrency,South,27,104.62,2024-12-26,4.3,21,5.71,1,2
5e5103ad-50fd-4c5a-9c69-546b52d1c446,35,Female,103017,47,Bronze,Debit Card,North,24,92.18,2025-01-12,4.8,15,2.17,1,0
4d740025-9221-42f5-b5ef-ad4d9238af15,23,Male,71473,17,Gold,Cryptocurrency,Central,22,368.91,2024-06-30,4.5,12,5.04,2,4
28193aab-355e-4eca-9a4b-1cdbc1e2d1c2,42,Female,35175,63,Silver,Cryptocurrency,West,29,134.79,2024-07-28,2.2,22,7.29,2,0
7e4b0e3f-4499-488a-9fb3-d68e1eb24bfd,31,Male,21304,97,Bronze,PayPal,Central,15,121.24,2025-06-14,3.0,17,8.51,2,2
fa891892-bf95-4296-a088-58f1951e6599,64,Male,59502,66,Bronze,PayPal,West,23,11.91,2024-11-28,4.4,9,5.43,2,1
8fb5e92a-192d-4102-834c-2ffe7c64ef9a,40,Female,71845,40,Silver,Credit Card,East,21,431.98,2024-08-19,3.7,10,3.89,1,2
22b6a6ea-bcd7-40b2-844a-43c4e65c5e0b,42,Female,123412,87,Silver,PayPal,South,24,399.38,2025-04-20,3.1,17,3.66,1,1
3dfcc9fe-397e-4397-a6ea-f2ac06953b8d,22,Male,89206,23,Bronze,PayPal,North,18,329.65,2025-05-31,4.3,16,3.94,2,0
42448b93-3154-4a94-b3c4-64e265cd7650,51,Female,94697,70,Bronze,Cryptocurrency,South,17,442.52,2024-07-18,3.4,21,3.62,2,0
9305c6ff-57c9-4222-b92e-35c596df4c4e,43,Male,128305,46,Bronze,PayPal,North,20,172.97,2024-10-30,2.7,15,0.58,0,0
c30dbe28-ce34-42a2-a8d3-8459aa5566ac,43,Male,25349,52,Silver,Credit Card,Central,17,218.0,2025-05-02,1.8,18,1.59,3,0
5655b704-af17-4b12-8c7c-3b89bc027a10,42,Male,61633,22,Gold,PayPal,North,21,436.69,2025-01-27,1.1,18,5.7,3,2
2fff0b38-f7a1-40e6-ac31-e420b19b9ed2,53,Female,76558,77,Silver,Credit Card,East,19,140.7,2024-09-17,1.6,20,4.34,1,1
0795059b-2254-4081-a5b6-a0e649e30690,26,Female,37544,15,Bronze,Debit Card,East,14,317.52,2024-08-18,3.2,21,2.58,1,0
68ef330b-66fa-42cc-a590-6cf6076dd5ac,47,Male,44019,87,Bronze,Cryptocurrency,East,20,226.08,2025-03-17,1.5,20,4.76,1,0
2137206c-9603-45b7-becc-e46aaea92978,22,Male,83696,78,Silver,PayPal,Central,21,266.31,2025-03-09,3.1,25,3.57,3,0
f98efdd9-d1f8-4583-8cee-915fc376d52f,66,Male,21780,9,Platinum,PayPal,Central,19,488.95,2025-03-31,3.1,16,4.25,2,2
ce5ab8f2-d083-40ea-987c-f4e9e3d2dfe7,69,Female,25725,24,Bronze,Cryptocurrency,South,28,303.61,2025-02-09,3.5,10,4.62,1,0
001dacb6-0ac9-434f-a20b-60eee01753a8,20,Female,74833,97,Bronze,Debit Card,West,17,269.27,2025-05-26,4.8,13,5.13,2,1
9da45530-2d28-49d1-9593-2899e5b3e9a0,48,Male,53622,94,Platinum,Cryptocurrency,Central,16,498.79,2025-04-14,3.1,10,2.0,1,0
9a876ac7-9f63-4995-b1c1-8f77b4cfa963,35,Female,56091,19,Bronze,Credit Card,North,18,346.02,2025-03-09,2.1,16,4.82,1,1
2f034391-4172-48d5-b759-001f30e4d9e5,29,Other,149523,66,Gold,Credit Card,Central,18,452.32,2024-09-25,3.7,11,3.91,0,0
4a8f033c-4d47-461e-ac81-3f1ea656d823,65,Female,80178,28,Gold,Debit Card,North,15,436.37,2024-12-03,1.0,16,4.89,4,0
ba1f537c-d9ab-4768-aaba-bd20ba9e4497,31,Female,146021,5,Gold,Credit Card,Central,29,184.48,2025-01-14,3.2,21,4.35,2,0
a0c09c1e-09ed-4eda-b0c8-39a1bf186ae0,65,Male,65061,44,Silver,Cryptocurrency,Central,21,58.24,2024-10-27,3.2,14,4.15,1,0
d549be2b-e06e-4bab-8aee-bfe2aab2e7b3,53,Male,86297,32,Silver,Debit Card,West,13,385.53,2024-10-28,4.1,13,1.68,0,0
bb9ec162-e47b-48d6-a3a2-36442866d956,65,Female,96459,82,Bronze,Credit Card,Central,21,447.17,2025-01-17,3.5,9,3.8,1,1
43875ffc-9fec-40e4-8ecc-5a2b13d6b4d8,30,Male,73462,29,Bronze,Debit Card,North,27,283.64,2024-09-11,1.7,12,9.45,1,0
ee2d380a-0032-4c1d-a077-91ac6a3ac89a,53,Female,100358,75,Silver,Credit Card,Central,23,439.24,2025-01-30,4.8,15,1.02,0,1
24ff7163-0e1f-4f1c-92f5-67621e8ef4bc,64,Male,85729,20,Bronze,Debit Card,West,15,164.34,2025-05-22,3.8,13,4.21,2,1
3ac92897-69ea-465a-b186-03b4aa52ca50,20,Male,132985,34,Silver,Credit Card,South,13,152.87,2025-05-30,4.7,11,6.19,3,2
a675ce85-89ee-4827-bf3e-94151cf178ba,46,Female,22632,51,Silver,Debit Card,East,25,206.68,2024-10-24,4.4,15,5.23,1,0
a1d1af85-7a07-4fc6-b5a8-b6fd414bbf5f,22,Female,86553,1,Platinum,Cryptocurrency,West,20,15.36,2024-08-19,4.2,10,8.92,1,0
d3bdb761-1572-4c11-88ed-10a79f5158c0,47,Female,97735,16,Silver,Debit Card,East,25,465.86,2025-03-18,4.2,14,10.74,0,1
4dbf6ed3-a548-417a-ab43-81677cd85f9c,58,Other,148339,51,Bronze,Credit Card,South,21,394.32,2024-11-03,4.1,23,6.36,2,2
1d8c2c63-17df-4809-8cf9-b0ad3bf05e11,56,Male,43867,77,Bronze,Debit Card,Central,22,97.57,2025-06-02,2.2,12,0.62,3,1
ebc8f650-071d-4eb6-8f18-e24441ecb24c,68,Female,107610,53,Silver,PayPal,North,24,90.52,2024-07-20,4.4,17,3.05,2,0
71cbac25-1abd-428c-aeb6-e4eed499638a,30,Female,44887,90,Gold,Credit Card,South,20,452.52,2025-01-08,4.4,15,4.71,2,2
048e716e-4488-483c-b1e1-eb8c8f8aaaa8,52,Male,128988,3,Bronze,Credit Card,South,16,429.96,2025-03-03,3.2,14,6.26,1,0
2b2ebfb5-65ea-4373-bc35-657af4810627,40,Male,125242,26,Silver,Cryptocurrency,North,13,30.9,2025-01-20,3.2,17,4.44,0,0
01ea51bc-1459-4673-9ccd-6e1411d18373,18,Female,141498,80,Silver,PayPal,West,21,326.87,2024-06-21,1.1,18,2.15,0,3
287535a3-14aa-477f-a5cb-8d4170e97862,39,Male,54890,31,Silver,Debit Card,East,17,60.7,2024-12-13,4.4,14,4.48,0,0
fc9ab378-e586-48c6-b0d8-3ccede18ed51,35,Female,104752,55,Gold,Credit Card,West,21,209.92,2024-09-22,2.9,14,5.71,0,0
bc010161-9d80-4a84-bad6-bd35aacf0d1c,35,Male,132448,34,Bronze,PayPal,South,17,179.76,2024-06-21,3.1,13,5.32,0,1
4294a9d9-12be-4143-a792-a6b10b918cc1,55,Male,115071,94,Gold,Debit Card,Central,18,150.13,2024-07-22,2.2,10,1.07,1,1
f462c56c-2200-4798-98fe-b92ad2b48bdd,42,Other,48394,80,Bronze,Cryptocurrency,South,18,309.71,2024-07-01,1.9,16,2.82,1,0
9b2582cc-dc1b-4cfb-a64d-0b50478f44f6,48,Female,105802,42,Bronze,PayPal,Central,17,225.39,2025-02-10,2.7,19,3.44,3,1
13aa72fc-5ef3-455c-90d3-0f4269a025c5,37,Male,37206,81,Bronze,Cryptocurrency,West,13,359.92,2024-08-30,2.2,10,5.3,2,1
75ab8a85-92d9-4421-b9f4-84591b6babdc,66,Male,121929,53,Gold,Cryptocurrency,Central,23,386.26,2024-07-08,3.8,13,6.49,1,0
325db31e-0a5c-419f-a785-03baf72d7bcc,47,Female,65380,16,Platinum,Credit Card,Central,17,216.54,2024-12-13,1.0,22,6.89,1,1
529bef5d-aa03-4113-bae9-6784bbc03e7b,27,Female,36679,37,Bronze,Debit Card,West,14,284.65,2025-02-05,1.6,10,6.94,1,0
0bd12028-e9a4-4527-ac1d-d58fbac7632d,45,Male,39622,86,Silver,Debit Card,Central,21,181.37,2024-08-30,1.5,16,7.05,2,2
4ae1f925-ce56-4bb5-be43-b2afa4636551,51,Female,109288,44,Silver,Credit Card,Central,13,239.14,2025-03-26,3.4,10,6.48,0,0
310dd716-23c6-4793-aeed-fe69dc4a90c7,25,Male,78353,83,Gold,Cryptocurrency,South,24,360.45,2025-06-20,1.9,18,10.58,3,0
394f4bff-5655-4650-872c-06f3460cfbbe,57,Male,83886,2,Silver,PayPal,West,13,74.16,2025-03-27,2.6,13,3.09,1,0
74e87aff-674a-475c-b525-27e7b565080e,58,Male,22202,22,Silver,PayPal,West,19,184.37,2025-06-02,4.8,17,4.04,2,2
5a62c04b-b69d-4b0d-bbe4-16f855de60f4,50,Female,41901,88,Silver,Cryptocurrency,East,18,167.06,2024-09-30,3.3,13,5.96,4,0
db392bdc-1b08-41d5-b668-f44ca8910335,69,Female,105907,29,Bronze,Debit Card,North,26,279.82,2024-09-08,2.9,13,3.56,3,1
62e4ef54-7a7b-434b-b3bf-771605c3e268,42,Male,67324,23,Silver,Debit Card,North,11,422.71,2024-12-24,3.4,10,5.93,1,0
9148daee-514d-47be-a267-385da192a57f,41,Male,107629,73,Silver,Cryptocurrency,Central,28,292.02,2025-01-13,1.4,14,6.68,1,0
afb81270-6bf0-488b-b4b5-c5751e54b126,46,Female,31039,42,Gold,PayPal,West,22,154.0,2025-04-30,1.6,18,6.88,3,0
7346dda9-2e43-4105-bba3-5fe4c89fd86d,35,Male,124358,63,Gold,Cryptocurrency,South,20,345.73,2024-11-04,1.2,22,3.63,2,2
cbf255ce-696a-486a-9ff8-07c348eaa907,44,Male,61644,1,Platinum,Cryptocurrency,West,13,325.15,2024-11-23,2.5,19,2.26,2,2
c20f218d-f429-4875-a0ad-bce340dc233d,24,Female,62376,41,Bronze,Debit Card,West,13,11.68,2025-05-13,4.8,15,6.63,1,0
ea214e6e-0027-4aa8-8d5e-c9693488e1e9,39,Male,44172,30,Bronze,PayPal,North,27,130.66,2025-06-11,3.5,16,10.23,3,0
074a888b-aceb-4dfe-8b81-8a07d71b4f9e,48,Male,26122,19,Gold,PayPal,South,19,278.99,2025-04-09,3.1,13,0.5,3,1
57ef83f5-ce0f-430d-9a91-b690c5d86601,68,Male,64389,15,Silver,PayPal,East,21,362.43,2025-04-05,2.0,17,5.35,0,0
2585f4a2-b8a7-4d22-aaeb-784fbe07efbd,46,Female,86137,62,Silver,Debit Card,North,19,299.77,2025-04-03,1.3,11,7.34,1,1
6ce60aa7-0e94-4fc5-b53a-c6ded96fe0a5,44,Female,148728,6,Silver,PayPal,North,18,471.22,2024-10-21,1.4,11,4.48,0,1
37a477e3-8687-4dc8-a7dd-df52d9b388f0,39,Other,25988,72,Gold,Credit Card,North,20,228.15,2024-11-04,3.4,18,5.94,1,2
422e3465-e761-4b56-86bb-e55fa02e1ebc,28,Female,83887,57,Platinum,Credit Card,West,17,70.59,2024-07-02,3.9,23,3.71,2,1
213796e1-0154-45f0-8e53-c91cd343002b,18,Male,127974,33,Bronze,Cryptocurrency,East,24,255.99,2025-06-17,3.5,23,6.99,2,3
9d03d962-47b7-41e8-8106-09902a726a75,20,Male,121024,95,Silver,Cryptocurrency,Central,18,285.8,2025-05-17,3.3,14,6.32,0,3
be2e3e9a-429d-44d7-81a2-b597cc629f9e,34,Male,132781,37,Bronze,Cryptocurrency,West,17,495.44,2024-12-23,3.1,10,6.22,2,0
c557de2b-dd20-4e5e-90fb-94be28e515fc,54,Female,33987,61,Bronze,Debit Card,East,26,19.72,2025-03-17,4.7,17,2.13,1,1
e3a7e396-a0f9-4897-a9ac-c2d5ecddae8e,48,Male,70541,25,Bronze,Credit Card,South,20,421.04,2024-10-20,2.6,18,5.68,1,0
d8a97ebd-d6fe-4d10-8d1b-fc6a27013307,54,Female,132894,20,Silver,Cryptocurrency,Central,30,163.67,2025-04-06,1.1,16,6.8,0,2
7890df67-69d4-4621-97b3-fd4fd374b809,45,Male,27377,9,Silver,Debit Card,North,24,76.31,2024-07-19,2.3,14,5.28,1,1
04c47842-1aa0-4db6-b48f-225ebd9b4aa3,26,Male,140778,15,Bronze,Cryptocurrency,North,18,17.71,2024-08-16,1.0,22,6.72,2,0
44f1a655-6ef6-488b-9b51-00a47d1378f8,23,Other,71318,97,Bronze,Debit Card,East,18,50.57,2024-10-15,4.7,19,0.5,3,1
ccac247a-1275-4116-bd8a-b320b8e0783f,34,Female,95475,49,Bronze,Credit Card,East,29,88.02,2025-04-19,1.4,11,7.48,2,0
bae50452-588a-44c5-9da8-bdb1273065e3,49,Male,78951,94,Gold,PayPal,Central,15,12.26,2024-10-15,2.7,22,5.91,0,1
b29c7b7a-91f8-4a55-bf4c-10c75f6aab39,47,Male,66215,69,Silver,Credit Card,North,16,314.2,2024-11-09,4.2,14,1.09,1,0
4d338323-fc20-4b95-82a0-853d2450c496,69,Female,84578,87,Bronze,Credit Card,West,33,376.54,2025-04-21,4.6,18,3.69,2,0
d5284d1d-8447-4741-98b1-db4ca8cb0804,33,Male,100071,78,Bronze,Debit Card,South,24,405.12,2024-10-06,1.8,14,4.64,1,1
ce4d785d-f405-4d1d-ab40-248ac757a8a8,47,Male,39689,48,Silver,PayPal,South,23,239.25,2025-05-08,2.3,20,2.33,1,1
d7d22b75-21a8-4f13-b6c3-1ab932cf2bd6,23,Female,123500,97,Silver,Credit Card,East,21,493.04,2025-06-20,1.6,19,3.49,2,2
756b2cd7-7734-418d-8a87-701be42a3300,36,Female,65939,50,Gold,Cryptocurrency,South,13,438.7,2024-10-06,1.7,14,5.96,1,0
057866ba-d2c9-4ed5-b574-4a3ea86de32a,29,Female,71362,74,Silver,PayPal,East,25,498.99,2024-09-16,3.2,14,5.5,1,0
d909d413-2c9f-4d7c-b6e6-df8cc335c6ce,56,Female,46297,31,Gold,Cryptocurrency,East,20,25.75,2025-04-28,3.5,16,2.06,1,0
b4c72ea8-7d41-4756-b8d9-a820e86eb628,28,Female,106766,45,Silver,Debit Card,East,27,75.68,2025-06-11,2.6,15,5.26,2,0
303d537d-9c23-4d12-ad1e-e9e0bd7879e5,21,Female,134673,47,Gold,PayPal,West,20,480.68,2025-05-30,3.6,16,5.01,3,2
f7448218-5cc3-4531-b992-504d0512fc9b,65,Male,118162,12,Gold,Credit Card,West,21,32.56,2024-07-26,2.8,9,3.52,1,0
eaeac0e6-7616-428a-ac13-54c7a62b2b2f,43,Male,25731,49,Gold,Credit Card,West,26,341.8,2024-08-16,1.5,17,2.03,1,1
626a8be6-367a-4ec8-a5ee-8f2c4b2b14fb,59,Male,72169,15,Bronze,Credit Card,East,22,389.17,2024-12-29,1.4,9,5.35,1,0
fc3506ef-0cf2-44ce-bbfc-fe0bd27b6940,18,Male,133094,33,Bronze,Cryptocurrency,East,19,151.53,2024-12-08,3.7,20,4.42,0,0
597db5be-8b32-4851-b7e3-5da516f647ec,53,Female,63898,12,Silver,PayPal,North,21,14.19,2024-11-22,2.9,18,5.27,0,1
9b15aaf5-1ad7-441d-bbdf-b72a0f18c025,41,Female,131855,63,Gold,Cryptocurrency,North,22,453.82,2025-04-11,3.5,14,2.36,2,0
9d978d0e-806a-4340-9807-c35e998b6b70,29,Male,81463,45,Bronze,PayPal,Central,14,248.52,2024-10-15,3.7,14,6.12,1,0
f5ac22b5-fc1d-423d-9eff-0b8e333dcf25,28,Male,115373,83,Bronze,Credit Card,North,8,12.81,2024-12-07,2.9,14,3.92,0,0
d0cc8fdc-68b6-48c6-93db-0630135ba6bb,63,Female,42416,20,Platinum,Credit Card,South,13,284.65,2025-04-15,3.1,12,5.21,0,2
d00ecb24-ae8e-4387-b7d4-54b71cfcd928,59,Female,115659,19,Silver,Cryptocurrency,West,24,182.09,2025-05-30,3.4,14,7.63,2,2
f386299d-4c5b-4aaa-967c-b9354677a59a,52,Male,126756,37,Silver,Debit Card,Central,20,248.21,2024-10-08,1.7,12,4.78,1,0
97b714e7-5247-4051-b2f7-37a52b06c0b0,58,Female,65366,27,Gold,PayPal,West,20,61.56,2025-01-31,3.1,18,4.43,3,0
5ffa9dc0-a513-4d37-b1db-807a5c7d63c8,33,Female,36017,75,Gold,Cryptocurrency,West,17,315.7,2024-07-03,2.6,15,3.86,1,0
879741bf-4c22-474e-9697-526298e3987f,25,Female,134163,1,Bronze,Cryptocurrency,East,19,189.57,2025-05-11,3.6,14,4.64,3,2
76c08545-ef8c-4b75-ae04-a94182fbf308,33,Female,24758,5,Silver,Credit Card,South,20,244.22,2025-04-08,3.7,24,2.06,0,0
180b73ff-e98b-4f33-9e71-43f3b144c402,61,Female,31357,91,Gold,Cryptocurrency,West,16,448.48,2024-08-07,2.4,18,4.26,0,2
bbd54a65-1221-4e69-abe3-3899397e27e2,49,Male,80217,65,Bronze,PayPal,North,15,94.3,2025-04-25,2.0,14,4.07,2,1
0b7f83be-0707-47da-b520-31cdf309b803,18,Female,31408,72,Bronze,Cryptocurrency,West,26,348.51,2025-01-18,3.7,9,6.79,1,0
363441de-1438-4686-aafd-2b51bfbfb962,37,Male,25461,29,Bronze,PayPal,North,20,274.0,2025-02-21,2.6,17,4.99,2,0
e1ba2489-dd3c-462d-b807-3566806ec876,62,Female,127845,8,Silver,PayPal,North,22,300.54,2024-10-02,4.9,16,5.3,5,0
37289f90-c3b4-41f1-baea-21ef9c64135c,65,Male,94525,97,Gold,Debit Card,North,22,68.01,2025-03-03,1.0,15,5.09,2,4
f3c55e7f-2ad0-4859-af40-29736aa04c05,37,Male,98183,13,Silver,Cryptocurrency,South,13,353.7,2025-06-06,3.2,12,4.64,0,0
1872ff1a-0dbd-454c-a98d-087054d6e7af,61,Female,61986,88,Bronze,Cryptocurrency,Central,12,343.42,2024-10-15,3.9,10,5.4,1,1
2fb9d707-60b1-4437-b2e7-ecd8243c4b3d,22,Male,84372,24,Bronze,Debit Card,North,29,178.68,2024-08-10,4.0,20,6.49,0,2
ecd8773d-3db4-464e-a55a-1049555bd7a2,29,Male,81858,73,Silver,Debit Card,South,20,256.46,2025-04-24,2.0,17,4.79,0,0
45452378-acbd-4a07-9fd7-9d49659932c7,30,Female,38405,79,Gold,Debit Card,North,16,98.59,2024-12-08,4.0,12,7.9,1,2
1654a778-224a-4645-b4a1-9a9970bbb722,35,Male,117127,90,Platinum,Debit Card,North,21,350.91,2025-01-22,1.1,18,4.69,1,0
e88cc33d-38b0-4d18-91f6-15dd258fb8af,60,Female,136721,72,Bronze,Credit Card,South,27,71.17,2025-05-17,4.9,8,5.52,1,0
ab4d8825-240d-4e53-a529-236af8d24713,23,Male,129383,1,Gold,Debit Card,North,13,75.33,2024-06-23,1.6,13,0.98,1,2
775b11c3-666f-455b-9166-f70c58bd1d6b,24,Male,135692,40,Bronze,PayPal,Central,16,247.76,2024-07-27,1.7,13,5.36,0,1
136db300-3229-4c07-9597-6ce23166da87,52,Female,33901,35,Platinum,PayPal,South,14,223.32,2024-11-01,4.6,15,3.94,0,0
23668861-4688-4ed5-bb4d-eda1936c00ea,21,Female,131663,73,Platinum,Credit Card,South,23,390.97,2024-09-17,4.6,12,5.4,2,0
ed80c033-0b50-4f86-a043-ab44875b970b,65,Female,21902,31,Bronze,Cryptocurrency,North,14,188.31,2025-02-27,4.3,19,5.07,0,2
5180f2a5-153e-43fa-af4c-c37a96d2e103,28,Male,149986,26,Bronze,PayPal,Central,14,472.34,2024-09-13,3.2,18,5.32,1,1
80ee6dce-585c-4a26-ae67-1403dfae654d,59,Female,47571,77,Silver,Cryptocurrency,East,17,174.32,2024-09-12,3.4,14,5.17,0,0
d4d1919b-394a-4e40-9a64-3ea695975152,68,Male,96982,18,Bronze,PayPal,North,15,145.55,2024-10-07,4.5,12,3.71,4,0
46aaba14-679e-4582-8629-62dc5b154bfe,33,Female,82468,13,Bronze,Credit Card,North,11,239.35,2025-04-22,2.9,13,5.02,1,1
8b07b39e-06e3-4b07-9e8b-384ec2409bfc,57,Male,101259,47,Silver,PayPal,North,22,434.32,2024-07-16,4.2,12,3.79,3,2
1972dda7-6f07-4ba1-bde0-1a81906c79a1,43,Male,59585,76,Platinum,PayPal,North,17,352.92,2024-08-05,1.1,10,1.95,0,0
27799c6e-98eb-4e7f-b325-30ec84ffaf12,30,Male,50475,39,Gold,Credit Card,North,17,224.31,2025-01-14,1.4,15,4.62,2,2
3a4ff21e-3e3b-4ea8-9249-9febf82ea0d6,31,Female,99941,11,Silver,PayPal,Central,19,139.69,2024-10-08,3.3,14,3.26,0,0
c3e4d19a-556a-42df-99fa-adabe87be967,49,Male,80678,63,Silver,Cryptocurrency,East,27,377.76,2024-09-09,3.0,5,8.02,2,3
e077ebcc-33e8-44ea-85dd-1f3f950f7220,40,Male,134677,49,Platinum,Credit Card,East,16,270.95,2024-07-14,3.9,14,7.37,0,2
a96c40aa-4b80-4526-aeb6-b02657c79ddb,49,Male,130848,43,Silver,Cryptocurrency,West,13,405.37,2024-08-15,4.0,18,3.77,1,0
210c44ca-8ea4-465c-9e4f-16a8822e1182,19,Male,103725,81,Bronze,Debit Card,Central,13,128.53,2025-03-16,2.3,15,7.09,1,1
7110737d-1638-4748-8036-765571c0be68,65,Male,74856,41,Bronze,Credit Card,South,18,380.32,2025-02-07,2.1,16,5.22,0,0
ceccdbca-abc9-452a-b933-d44f5ea86c1b,67,Female,28556,81,Bronze,PayPal,West,23,446.68,2025-05-22,1.9,14,4.05,2,3
6180e77f-14dc-4e39-a206-9c3bf177e8ab,35,Male,134828,55,Bronze,Cryptocurrency,North,15,323.27,2025-04-05,2.6,16,2.42,3,2
2d46be07-17a2-4562-89eb-97c30b5d1dec,41,Male,92454,53,Gold,Credit Card,North,16,454.11,2025-01-27,3.9,14,4.68,1,1
a2d0ee72-efc4-4b0f-9ad2-ee667504c9d7,54,Male,48760,76,Platinum,Cryptocurrency,Central,16,174.64,2025-01-20,3.1,13,2.61,2,1
e2a06bd7-266b-4d34-b9a4-c3fe89906d10,53,Female,112712,95,Bronze,Credit Card,West,22,496.47,2024-08-25,2.2,17,10.71,0,0
555e6ea1-4140-4596-9956-2e1c7030a401,50,Female,132610,72,Silver,PayPal,West,30,393.18,2025-04-23,2.5,11,8.87,0,2
26692bc0-1798-41a8-b726-718b9e1840a1,23,Male,122549,28,Gold,Debit Card,East,24,180.29,2024-11-22,3.8,11,3.85,3,0
5ce05539-4956-4a7b-a19e-d8b4f4073976,22,Female,122880,88,Bronze,Credit Card,Central,19,239.03,2024-11-25,2.9,13,4.24,0,1
1cce7eee-04c5-44bb-9f1f-f1e5a7c9c0be,48,Female,35834,46,Bronze,Debit Card,North,13,492.44,2025-04-15,2.4,22,0.5,4,2
54789e74-392a-4f91-9337-1f2ff1ac7c77,51,Male,81323,26,Silver,PayPal,Central,20,311.65,2024-09-23,2.1,12,8.41,2,0
4d8f10b9-67c9-49e3-86c3-05a0a1dff896,40,Female,97221,59,Bronze,Debit Card,West,17,344.94,2025-04-06,3.1,14,7.92,2,0
24b18b2e-211f-4195-8f23-78a7161fcb2a,56,Male,132398,31,Silver,Cryptocurrency,East,25,85.55,2024-10-07,1.5,12,7.44,1,0
2ceb1e30-415e-4f90-a6cb-89d863047e71,25,Male,77254,60,Silver,Cryptocurrency,North,17,364.05,2025-01-10,2.3,19,7.04,3,1
190214b9-e17d-462b-a620-1daec270a407,55,Female,46823,27,Silver,PayPal,South,22,275.87,2024-07-27,4.5,15,2.74,2,1
c1a6d24e-112b-4fbe-a5f4-0f98910050a5,63,Male,78649,15,Platinum,Credit Card,South,18,472.14,2024-10-17,1.9,15,3.68,1,0
f32c9ea0-b9c3-4fa8-ba97-0031bd3c9d63,43,Female,87733,52,Bronze,PayPal,East,20,427.94,2025-03-08,1.1,15,6.54,0,0
1bf1fcf9-7568-4703-9b07-0669b107ae4f,34,Female,143099,17,Bronze,PayPal,East,26,492.79,2024-11-08,1.3,14,7.12,1,1
267aa58c-12e0-4150-bd35-22d6a5dade8c,21,Male,27826,40,Bronze,Debit Card,East,21,110.47,2024-10-19,4.4,19,2.23,2,3
d0ea40e5-9e48-4b4e-a440-7b9a34a652ff,66,Male,120769,82,Bronze,Credit Card,Central,15,435.1,2025-06-13,4.7,15,3.65,1,1
7ced828d-a439-4b19-b03e-154640702649,64,Male,95017,28,Bronze,Debit Card,West,22,471.14,2025-03-12,1.7,16,2.46,1,0
2ed71ee0-2f63-4392-8c3f-78c98ad125db,61,Male,89105,30,Silver,PayPal,South,17,198.74,2024-10-05,2.4,12,6.5,1,0
dc7a4bb3-4750-4a72-82c8-c59b0c35b94e,44,Female,41283,64,Silver,Credit Card,South,26,223.39,2025-04-16,4.3,22,5.07,2,0
55801638-d08d-40e2-b9b7-7db83b70ce2b,50,Female,49030,19,Bronze,Credit Card,Central,20,306.11,2025-01-19,4.2,10,2.32,0,0
0078c9ef-b703-4222-aa4c-f647efe3c642,22,Other,21947,81,Silver,Credit Card,Central,18,110.03,2025-06-01,2.0,16,1.94,1,0
3e8b6ee9-7563-4ea2-b4dd-f29763cd2d5c,53,Female,44502,62,Gold,Cryptocurrency,North,18,149.62,2024-10-16,1.5,16,8.73,2,0
3e633976-432e-47ad-b1bd-635d55c6e0b7,21,Male,125856,91,Platinum,Credit Card,South,23,83.46,2025-04-05,2.9,14,3.86,0,2
baba1970-48d3-493d-9428-30a5440c21da,19,Female,79035,10,Platinum,Debit Card,West,21,46.6,2025-03-28,2.0,14,5.97,1,0
3b2ebb20-271e-49a4-b900-a9159650c1af,40,Female,23907,54,Gold,Debit Card,Central,21,127.42,2025-06-13,4.1,19,5.57,0,0
9dd1beee-d984-4e82-9f33-1043820dc2bc,29,Male,34003,87,Bronze,Debit Card,Central,23,88.07,2025-03-11,4.0,14,8.28,1,0
57e09526-96c2-4aa5-8f79-2c5f84929915,36,Male,131371,36,Bronze,Cryptocurrency,North,19,148.56,2024-07-28,3.3,10,8.44,4,0
59827351-0977-4033-91ec-e77073eacc13,41,Male,36092,93,Silver,Debit Card,West,23,292.38,2024-11-06,3.5,9,3.64,2,0
fc4d6e27-5165-46b2-9747-b3d23f9367ba,39,Female,53545,77,Bronze,Debit Card,North,17,157.96,2025-03-03,1.0,15,7.47,2,1
9bb6d567-2ab6-4e13-93a5-a22e73299ed7,24,Female,35973,44,Gold,PayPal,West,24,63.83,2024-07-08,4.9,15,1.88,2,1
80100518-27f2-456f-853c-2929a355d240,61,Male,91493,4,Silver,Debit Card,South,24,269.0,2025-06-11,1.8,19,5.62,0,2
a66ffe24-c25b-413a-9354-415e0066da66,57,Female,29832,57,Bronze,Debit Card,South,18,281.59,2024-11-21,1.4,17,2.54,5,0
a5e2d943-0c91-445c-9e88-5b40337bafb1,23,Female,102273,26,Silver,Cryptocurrency,East,16,401.52,2025-03-06,1.1,20,4.63,1,0
df1062b0-f107-4340-8ed1-dbf6d5940319,25,Female,121494,60,Bronze,Cryptocurrency,East,19,373.85,2024-09-12,3.0,19,3.92,0,0
abf08bb8-ea2a-4b73-a83f-94e58fa52550,37,Female,96019,29,Bronze,Debit Card,Central,18,309.9,2025-05-27,2.1,15,3.28,1,0
1d2fd8f2-4a82-4f32-940e-26375359a750,66,Female,28645,94,Gold,PayPal,East,18,439.41,2025-03-29,3.3,11,4.04,1,0
ebb0187d-a980-40ba-8823-ce824924cf55,67,Other,125547,40,Bronze,Debit Card,West,18,224.64,2025-03-17,2.7,17,6.88,1,1
4c710849-3463-4708-91f5-6e6bac0e3db9,56,Male,65812,48,Bronze,Credit Card,South,23,180.53,2025-05-30,3.4,16,3.34,3,2
495544da-ef70-44ff-a1d5-e3982835cf29,65,Female,26861,61,Silver,Cryptocurrency,East,20,444.34,2024-07-17,1.4,17,3.77,1,2
d10c7e73-a6b3-41bf-9b7c-c46770f7cefd,59,Male,24655,13,Silver,Cryptocurrency,West,21,138.29,2024-08-30,1.5,12,4.95,1,2
bcb7ab5a-677d-4482-b8a5-0216b9e72419,35,Female,24843,26,Bronze,Cryptocurrency,South,22,76.6,2025-03-07,1.7,15,4.17,1,1
5562fed9-be19-4e94-bfce-4b6a0766380f,55,Female,134515,4,Bronze,Credit Card,North,24,210.9,2024-06-28,3.7,9,3.01,2,1
b610dbd4-1920-4a2b-8f69-f1c0eeacdd51,66,Male,66007,9,Gold,Credit Card,Central,15,309.16,2025-06-01,4.8,12,3.57,1,1
aa0f0593-d939-48c9-990e-ab6a7f474e1e,68,Male,81273,56,Bronze,PayPal,West,16,411.12,2024-12-11,4.7,21,6.35,0,1
e6ab28e3-9795-451a-af31-52a92450ef7f,53,Male,109443,88,Gold,Credit Card,Central,26,66.7,2025-03-31,5.0,8,8.77,1,1
0a7c85ed-d528-4a6e-ab02-def30e9261f0,28,Female,87752,98,Bronze,PayPal,East,22,13.74,2025-01-13,2.8,13,7.47,1,1
37598513-122a-4434-835b-4f791214bbb1,66,Male,144361,68,Bronze,Cryptocurrency,West,19,423.69,2024-07-16,4.4,14,1.91,2,2
b1a39e5b-a6c4-4c23-9407-4eb8d73060ef,61,Other,50743,45,Bronze,PayPal,West,19,281.99,2025-02-01,4.4,11,1.44,1,2
f08b49a6-8d96-44cb-9278-6e2619b6f6b1,69,Female,68263,81,Bronze,Cryptocurrency,South,21,124.16,2024-10-03,2.7,16,6.33,3,0
51c241e4-477d-4bd6-b70b-339ccdbd9df4,23,Female,39749,39,Bronze,Credit Card,West,17,114.85,2024-10-19,4.8,9,4.69,3,1
939e04c1-615c-4606-a78c-8d6215abb4ce,59,Male,42066,50,Platinum,Cryptocurrency,North,15,449.5,2024-10-31,4.0,9,5.35,0,0
8e515d28-265b-47ff-909f-d4ff2a7ac74b,64,Female,25217,17,Gold,Cryptocurrency,South,20,318.37,2025-01-07,4.1,13,4.84,4,0
58038168-d1a2-4ed9-a1b5-024087519d2c,32,Male,28861,61,Silver,Credit Card,East,30,154.47,2024-12-31,2.0,18,3.04,0,0
5e24088b-af00-4ed6-98ce-ae54ab3461f9,68,Female,125614,17,Gold,Credit Card,North,14,261.93,2025-02-28,1.7,16,3.2,1,0
ff03a8ac-8409-4251-abd8-8b83d5cc2232,32,Female,126485,92,Gold,Cryptocurrency,East,21,450.99,2025-03-29,3.3,11,5.44,1,0
d942a453-7705-4b81-a438-e672ab1fe7ab,24,Male,145179,38,Silver,Cryptocurrency,North,29,19.26,2025-06-12,3.9,16,5.63,2,0
ff3b0643-5c1e-4a0b-940e-073890de546b,36,Other,72380,40,Bronze,Cryptocurrency,West,21,471.99,2024-10-25,4.8,16,6.23,3,2
fcd2c283-0c35-4b26-91b3-25bfd598f1b7,52,Male,79912,43,Bronze,PayPal,Central,27,438.7,2024-08-17,2.9,15,5.77,2,2
a1fbea7d-8b9e-4bd9-b397-e0ebaf6c65ec,30,Female,51459,59,Bronze,Debit Card,Central,19,335.99,2024-11-17,3.0,17,7.45,0,1
4137ab7a-dc89-4ddd-b004-30c9d6c7b7a7,50,Male,61811,28,Silver,Credit Card,West,24,416.25,2024-09-23,3.1,16,5.61,1,2
733a29c2-4170-4433-87c9-40f887e6d02c,50,Female,79570,1,Bronze,PayPal,East,13,496.23,2024-10-14,1.7,23,2.33,4,2
b5349842-56e3-4e5a-867f-5f0b3ecfd068,34,Male,115211,72,Bronze,PayPal,East,20,464.58,2024-08-28,2.0,23,0.88,0,1
a042636c-41a8-4613-ae2b-f9e1881ae591,33,Male,126747,23,Silver,Cryptocurrency,South,22,456.74,2024-08-13,3.4,19,2.21,1,1
e432c7bb-90ef-47aa-9257-5fb839426dcb,41,Male,90085,61,Gold,Cryptocurrency,North,17,241.81,2024-07-16,2.1,14,4.44,1,1
e5a25271-3fcf-46e0-ab2c-9d5465e9193c,55,Male,36150,89,Bronze,Cryptocurrency,West,20,381.86,2024-07-22,4.5,13,5.3,3,1
027893d9-431a-4fe1-801f-d122e2c76b02,67,Female,65471,99,Bronze,PayPal,East,22,140.52,2024-10-04,1.0,14,2.58,2,0
a99f278c-12af-45e3-97ae-9098edcc1cca,31,Other,88524,89,Gold,Cryptocurrency,East,22,449.12,2024-08-07,3.1,19,0.5,1,1
386c2f21-5a24-410a-be07-993192183720,68,Male,58767,28,Gold,Cryptocurrency,Central,18,111.39,2025-06-05,4.9,15,6.02,0,0
da754013-a687-43dc-9a5e-522752a5f88c,46,Female,148423,56,Bronze,Credit Card,East,15,338.75,2024-07-02,2.0,11,2.05,0,0
6229eba5-3646-4e5b-93cd-097574690398,67,Male,146399,85,Bronze,PayPal,East,22,305.23,2025-04-24,1.8,20,4.97,3,0
dc9e582e-ce6e-4674-b468-1a84e918ea58,43,Other,62995,88,Platinum,Cryptocurrency,North,25,80.94,2024-07-19,2.0,18,3.33,0,0
a9ae23eb-f10a-4ce4-aad2-fef2255ade86,68,Male,105443,52,Silver,Debit Card,North,24,348.41,2024-08-18,1.0,25,5.58,2,0
311f90fa-a964-4e54-887b-5ad4136872e1,48,Male,132000,2,Bronze,Credit Card,East,22,127.34,2024-08-30,2.6,12,5.43,1,1
ccb42fdc-9137-412d-b77b-286f453180e6,19,Female,115515,65,Platinum,PayPal,Central,19,160.13,2024-08-29,3.1,12,0.5,3,1
880fc87e-58cf-4630-b18b-82848ebd43a5,53,Male,98588,16,Silver,PayPal,Central,19,131.67,2024-09-13,3.7,18,3.29,1,3
c5610b47-86d1-4fad-970c-6eae6718366a,61,Female,134639,69,Gold,Cryptocurrency,Central,15,260.84,2025-04-06,3.9,16,2.49,0,0
73e9d375-9a98-4a85-ab31-46614709eff9,63,Male,56161,22,Silver,Credit Card,South,14,256.04,2025-05-02,1.3,19,5.36,1,1
b66ff430-55e1-493b-a00b-2aa40372a2d9,61,Female,133682,88,Silver,Debit Card,East,19,330.97,2024-10-03,1.4,17,6.87,1,3
7acfe75e-865c-4d89-b096-81dc085835cb,29,Male,134952,6,Silver,Cryptocurrency,East,20,65.61,2024-07-10,3.4,19,8.02,0,1
a0e9498f-836a-4ab6-92a6-3307ccf099ad,49,Female,111164,77,Bronze,Debit Card,South,23,408.36,2024-12-20,2.8,14,3.89,0,0
5d0fb2c7-923e-4aae-b398-48796805105a,66,Male,129828,14,Gold,Debit Card,East,22,75.64,2024-08-08,4.6,22,5.53,2,1
84c16b19-3c64-486c-8230-9b11e4c82dd8,47,Female,104403,1,Silver,Debit Card,East,14,356.53,2024-10-21,2.8,9,6.98,1,0
0ccc7991-ff0d-4b56-9bbd-0acecbb0a4cc,33,Female,87008,64,Gold,Debit Card,North,21,384.66,2025-05-27,2.9,16,7.48,1,2
ac9eef1a-a949-4af1-bc42-bb78b877e2e2,18,Male,56116,97,Silver,PayPal,West,22,281.21,2024-11-08,4.1,10,4.0,1,0
be67971c-639e-42c7-80c7-294c67726918,51,Female,96949,6,Silver,Credit Card,South,28,272.99,2024-12-16,1.9,12,3.34,1,2
fc24f457-c156-4187-9790-723eda8d0ff5,67,Female,66051,77,Bronze,Credit Card,North,15,367.04,2024-07-14,3.8,18,8.31,1,2
8c9cdde4-0fbb-4a55-9dee-a420a96fde56,51,Male,23991,20,Bronze,Debit Card,North,14,245.64,2025-02-03,3.0,11,4.17,0,0
2f8666ab-cf25-41c8-b155-8068abc3ac20,19,Male,78151,9,Bronze,Credit Card,South,21,93.74,2025-04-13,3.5,16,7.65,1,1
8c053949-476b-4176-81d1-cb5d184a86aa,28,Male,94627,72,Silver,Credit Card,Central,28,28.74,2025-04-19,3.9,15,2.1,2,1
60fc3884-83db-452d-8092-c0cf9ff717f8,31,Male,132249,60,Gold,PayPal,North,23,191.26,2025-04-20,1.9,14,5.16,0,1
60586542-e7ad-4ada-9c7e-67857be5b05f,56,Female,47575,94,Bronze,PayPal,North,23,31.81,2024-11-09,3.8,17,5.28,0,0
ce758f46-cf70-47a2-bf44-ab2a3656a48e,68,Male,61644,63,Bronze,Debit Card,Central,16,481.98,2024-11-11,4.5,18,2.29,3,0
0a92ad28-a745-48e6-88c9-690a20b0071a,31,Male,134731,29,Platinum,Cryptocurrency,South,20,430.24,2024-09-03,2.9,8,3.69,0,1
65ce33a3-5988-43e4-b0c9-c7e5d80235ca,35,Female,141265,18,Silver,PayPal,East,17,389.26,2024-10-23,4.4,12,6.19,2,0
029ba2a1-9381-4d7f-a03f-56fae65767da,64,Female,77676,4,Bronze,Debit Card,South,18,121.44,2024-12-29,1.9,16,3.51,0,0
e5db7274-e9b7-413b-a4e1-506807c6447b,44,Male,140600,47,Bronze,Credit Card,East,17,125.24,2025-01-30,4.8,9,4.76,1,0
16101e27-31f0-46b6-bd70-5a18235da8f3,38,Female,97058,70,Bronze,Cryptocurrency,Central,16,164.25,2025-03-21,3.5,10,3.55,0,1
040a17a3-a3fb-43a3-bfe3-6f9a2ea13d6e,53,Female,73478,1,Bronze,Cryptocurrency,Central,13,407.68,2025-05-31,1.6,14,8.64,1,0
440ee88b-0d94-40a7-8f1c-3911c43cef26,58,Female,84046,92,Silver,Debit Card,East,17,59.7,2024-06-25,3.8,14,7.02,3,1
29b8bbe4-5a50-4036-bb96-0a9b30bb395d,49,Male,77872,84,Silver,Credit Card,East,19,320.96,2024-07-26,1.8,7,4.25,2,0
30af635d-30a5-435e-ad4f-8e1a28617e65,32,Female,40704,53,Gold,Debit Card,West,19,33.4,2024-06-20,1.6,18,2.37,1,0
215ef178-d90b-42be-b1d5-37ae1230b23c,38,Female,60275,63,Platinum,PayPal,South,24,446.05,2025-06-13,1.8,15,2.51,2,1
45f15b1d-4ca5-4ec6-b2e3-3c4b2bace1e8,50,Female,101863,92,Silver,PayPal,Central,22,407.52,2024-08-07,3.2,14,2.16,3,0
c9f38847-5a4e-46de-8dc6-6d7867b76055,34,Male,50054,27,Bronze,Cryptocurrency,West,15,126.23,2024-07-19,2.2,16,5.38,1,0
7b010f7d-39db-4aa0-97d9-08f575879e2e,34,Male,144166,95,Bronze,Debit Card,West,18,305.51,2025-03-11,1.7,16,5.54,1,2
f6229e0e-e113-435d-b6af-9bc3d007b460,20,Female,118111,7,Bronze,Debit Card,West,20,150.07,2025-02-05,4.5,16,4.56,1,0
1b06e9dc-2776-43c6-805c-916db9d2ce5e,50,Female,115070,37,Silver,Credit Card,West,18,148.77,2025-05-20,2.1,17,1.46,1,0
9ccd6b59-9ef0-4d8e-8471-a3231094ac48,59,Female,120389,31,Silver,Credit Card,West,22,315.12,2025-06-07,2.2,14,4.42,3,0
e42fa550-a67c-4385-a431-c1a63a9cde44,28,Female,143900,66,Bronze,Debit Card,Central,14,406.01,2024-09-09,2.4,14,2.87,0,0
716224a4-0dcc-4ba8-8b2a-99bd7cb92378,62,Male,20254,90,Silver,PayPal,South,20,74.35,2025-01-14,4.1,19,6.96,2,0
5555b491-8653-41d5-b030-f4bf8f31b989,60,Male,72462,80,Bronze,Debit Card,South,14,495.76,2025-01-05,1.9,19,4.53,4,2
eb259bf9-d988-4d26-bf0f-265214477ff6,42,Male,90856,16,Gold,Credit Card,East,18,139.3,2024-08-06,3.7,13,3.79,2,0
bdb6f64b-df6f-4cc3-a4b3-5d76ebfc1284,48,Female,98027,62,Platinum,Credit Card,Central,22,101.68,2025-03-16,4.9,22,4.61,1,0
ad7cfe82-be2c-4119-99ec-6053a54de803,50,Male,143520,90,Bronze,PayPal,South,18,296.36,2024-11-18,3.9,21,5.58,2,2
75f3c0d3-7e13-46f8-91e5-e2396e6b47db,33,Male,135781,7,Bronze,PayPal,Central,17,418.41,2025-01-27,1.8,17,3.72,2,0
95c640ec-8ea5-4319-9e09-61c59eb5bded,25,Female,60409,12,Gold,Debit Card,East,21,36.65,2024-10-13,4.6,15,8.29,2,0
7b93ae1a-2b78-4928-ab8e-ce5d0dc36ee9,45,Male,64550,54,Silver,PayPal,South,16,498.16,2024-10-24,1.0,15,5.14,5,1
42c3ea5f-264b-4931-8569-c22ecc2c0917,48,Female,143487,3,Bronze,Credit Card,Central,18,420.68,2024-12-10,4.3,10,1.85,0,0
a143a0e6-d20f-4641-9be9-fb5a1e0f7f19,27,Female,95018,82,Gold,PayPal,West,25,104.09,2024-07-09,1.7,11,8.26,3,1
f496df30-1ce6-4280-8c5c-8625d6641f6d,29,Female,109680,39,Silver,Cryptocurrency,Central,18,295.89,2024-12-12,1.5,14,5.67,1,2
134218cf-f4fc-47e6-9abe-068653754bd2,27,Female,87759,1,Gold,Cryptocurrency,South,28,464.21,2025-05-10,3.3,14,4.49,0,1
f1e6ecf8-d820-4684-86c7-5ee62c1e6e01,44,Female,129490,4,Bronze,Debit Card,West,12,123.05,2024-08-22,2.9,15,1.15,1,0
a3513da8-d530-495a-9ecd-d9cf9ad2e3a7,45,Male,34102,39,Silver,PayPal,East,20,356.41,2024-12-09,1.9,14,7.98,1,1
f9e0c59e-98e9-48b5-bb9b-38e734633b77,27,Female,130299,78,Bronze,PayPal,Central,17,232.75,2025-04-10,3.0,21,7.61,0,0
340e9644-8209-456f-8065-21e2f8075ba4,24,Male,126669,81,Gold,Debit Card,Central,17,455.68,2024-07-01,3.9,21,2.88,1,0
f1dcd206-7908-49ba-b69d-116734e291ba,62,Female,65635,56,Gold,Cryptocurrency,Central,19,424.28,2025-01-27,1.7,8,7.13,1,0
556c5ceb-7f34-4fdf-9732-e8c5e77ebc60,26,Other,39215,55,Silver,Credit Card,South,15,470.68,2025-05-29,4.7,22,7.08,0,1
010c1a86-2af7-4b98-a9c0-366ca240d37e,65,Female,95204,52,Gold,Debit Card,South,18,97.3,2024-10-10,2.6,20,5.34,0,0
c1adf3cc-f07d-48f2-89cf-e4140e64b6c0,47,Other,108340,42,Bronze,Debit Card,Central,25,100.28,2025-03-16,4.9,15,6.29,1,0
84c516b5-eca6-4bbf-9afc-3b0f6ce8c3a4,32,Male,127302,15,Bronze,PayPal,West,22,398.87,2024-08-01,4.3,21,2.92,5,1
b42037d3-fcb8-4187-8a65-6cecaf677d74,63,Female,110853,94,Bronze,Debit Card,East,16,60.37,2025-04-19,1.5,15,1.69,2,0
d2255806-29ac-4752-a2e4-4ff4c92d5be0,63,Male,121010,40,Platinum,PayPal,West,18,408.04,2024-07-12,1.9,14,5.45,3,0
cb698b29-265f-4421-894f-e9115a9d5b4c,64,Male,136375,85,Silver,PayPal,South,19,463.44,2025-06-13,2.2,13,2.21,3,0
55caff67-c75c-4895-bfb5-6b818c693476,18,Female,23140,91,Platinum,Debit Card,South,20,285.67,2025-04-22,3.6,23,6.67,2,0
75e2c870-42e7-4c5c-beec-627b176d7a1f,37,Male,104462,92,Gold,Credit Card,Central,19,365.25,2025-05-24,1.0,17,4.06,3,0
9806ce00-c2eb-480b-be58-8704e24702bd,63,Other,149120,42,Silver,Debit Card,South,20,123.96,2024-08-06,5.0,17,6.37,1,0
ebe5d07f-3e8e-4b43-a804-62ab7c26187c,66,Female,139365,70,Bronze,Credit Card,North,17,117.44,2024-12-13,4.0,14,6.39,1,1
aced2c4f-7a12-4aaf-a570-06cc98e4d6ee,29,Male,92277,34,Bronze,PayPal,South,28,159.7,2025-05-09,2.7,20,4.21,2,1
3b17ec76-da58-4b05-8d0e-219d6d71bde7,46,Female,32926,97,Bronze,PayPal,West,19,432.04,2025-05-04,1.2,11,6.79,2,0
2fbc5984-2a80-4c6b-b6ca-e69d65ca0f9d,48,Female,129334,33,Bronze,Cryptocurrency,East,22,359.99,2025-04-13,1.1,16,5.41,0,0
93e78986-7077-4836-ab1e-b7ce3cb20993,38,Male,68980,44,Bronze,PayPal,West,23,42.62,2025-01-08,3.7,13,4.78,0,0
dfb39195-feee-438c-b36f-6b03efa699af,50,Female,123429,67,Gold,Credit Card,Central,18,133.61,2024-09-03,3.8,13,3.64,0,1
0a929d93-5d3b-4058-95af-db63711cda77,21,Female,105549,47,Bronze,Credit Card,East,18,388.51,2024-12-04,1.8,14,8.62,1,0
84834278-0199-4ca8-89e8-68bcd85703c3,18,Male,32017,19,Silver,Cryptocurrency,West,13,311.83,2025-06-18,3.2,15,7.01,0,1
91e3bb9e-6b76-416d-a452-01db05316f0e,24,Female,48429,22,Gold,Cryptocurrency,South,24,474.72,2025-04-18,2.6,19,9.04,3,1
840c18b5-41cd-4918-8647-0cce1154394e,56,Female,118428,79,Silver,PayPal,Central,18,61.33,2024-11-18,2.8,17,10.63,2,1
ff52c654-eea9-4149-9625-573972527e7d,46,Male,125182,60,Platinum,Cryptocurrency,North,27,484.43,2024-08-10,3.4,15,6.21,5,1
d4d27c3f-9a2b-4f43-be27-7a2bbe7157c9,30,Female,54426,24,Bronze,Credit Card,East,17,312.11,2025-03-23,4.7,16,6.64,4,1
c73e3587-834d-47e4-b5f9-0b98d6f55836,47,Male,45261,28,Bronze,PayPal,North,20,342.8,2024-12-22,1.7,13,3.54,2,0
2070abe5-a01e-45a4-85dc-9422ad83ebd5,30,Male,64254,26,Silver,Credit Card,West,15,445.7,2025-01-16,3.6,14,5.04,3,0
c43d6e98-c88a-4bf0-af71-ec43c5621b29,25,Male,81516,6,Gold,Cryptocurrency,West,17,208.95,2025-03-10,3.2,11,3.78,0,0
06f4c74f-f8c2-4672-a12b-572be4642b87,67,Male,49730,8,Platinum,Cryptocurrency,West,23,445.52,2025-01-27,3.9,16,10.93,5,0
8f333005-5a1b-46fd-8266-706bee04f932,19,Female,121770,46,Bronze,Cryptocurrency,North,20,116.02,2025-06-16,4.2,18,5.21,3,1
ec901447-e472-443b-9e45-238b52ea61ea,35,Female,36321,99,Platinum,Credit Card,South,16,484.03,2024-12-17,3.6,16,4.3,2,0
750a99b0-e646-43f5-bd19-663a5cf52d9e,23,Male,124629,73,Silver,Debit Card,East,18,329.93,2025-06-19,4.7,20,1.49,0,2
4fbb3af0-9c94-42ad-b69f-8d2fdaf9145e,32,Male,48285,63,Bronze,Debit Card,North,18,165.9,2025-05-25,4.9,10,5.29,2,1
c58c8b2f-6c38-40bb-9536-55fe007d77b8,37,Male,79273,65,Platinum,Cryptocurrency,North,16,360.54,2025-01-28,3.3,17,4.62,1,0
d02cfd28-1169-4b40-b8e1-15d451ea1cce,44,Female,126898,33,Bronze,Debit Card,West,26,226.45,2025-01-21,4.5,16,7.98,0,1
96fff9fa-c2d2-406b-8cda-57be508f6430,40,Male,142226,75,Gold,Cryptocurrency,Central,19,10.64,2025-04-09,4.9,10,5.78,4,1
ed9e8375-1d6d-4e27-a709-77997311b3d4,47,Female,20123,12,Bronze,Debit Card,Central,17,184.12,2024-08-20,3.9,13,3.23,0,1
55f1b18f-a67b-475f-9f16-b8d0e78fe3a1,39,Female,112675,46,Silver,Debit Card,North,16,67.41,2024-08-07,2.4,11,7.37,0,0
f41b9424-b5e8-4907-8241-e387b33b5d1a,47,Female,120381,33,Bronze,Cryptocurrency,South,24,63.86,2025-05-31,3.6,19,5.97,0,1
c8214fe5-c52e-451f-b984-393e18de6100,32,Male,138641,31,Bronze,Credit Card,South,25,416.48,2025-06-09,4.4,12,7.39,1,0
63d6fe04-51c6-4a81-bb5c-f45b86479fb4,18,Male,64954,82,Silver,Debit Card,Central,20,456.32,2024-09-21,3.3,15,6.48,1,0
d277f206-28f0-40e9-8270-4871f266ab79,64,Female,135074,14,Bronze,Debit Card,South,24,96.21,2024-08-09,2.5,13,1.76,0,0
92d1697c-e1b1-45d8-b679-84332506c6bb,46,Male,37528,46,Gold,Cryptocurrency,West,26,451.97,2025-04-25,3.6,22,4.17,1,1
570b3978-9a26-4671-b124-434567705c29,33,Female,43849,77,Gold,Debit Card,West,14,157.14,2024-12-27,3.3,16,9.25,1,0
254e6046-5103-472b-96d8-48892febf976,61,Female,26508,69,Gold,Cryptocurrency,East,20,192.96,2025-06-03,2.4,13,1.23,2,2
ebfb8f33-4499-4e78-84dd-50b053ec35c6,36,Female,79019,67,Silver,PayPal,West,26,254.69,2025-04-17,3.8,15,7.41,2,0
2010be61-3700-4c72-8174-a1e2c6c59ebd,63,Male,50036,97,Gold,Debit Card,South,17,471.53,2025-01-24,1.6,9,3.47,0,0
8041fcda-28fd-4ffd-83b8-59fa7af46f28,40,Other,72460,17,Bronze,Debit Card,East,13,101.63,2024-10-30,2.1,7,4.34,1,0
b94203f9-b517-4079-8f31-295b25b48abd,32,Male,146489,22,Gold,PayPal,South,17,296.26,2024-10-18,1.2,19,7.55,1,1
6163f2b5-405d-46fc-9190-de5ff2881037,32,Female,118863,62,Bronze,Debit Card,North,28,281.34,2024-09-06,1.2,14,5.25,1,0
3e69aaac-fb8b-49f5-99b9-b8c87e89d5c7,33,Male,109041,23,Gold,Debit Card,Central,17,258.13,2024-10-21,2.5,14,4.78,3,2
f33a7744-225a-415b-9a09-a93d8b836eb0,52,Male,30844,22,Bronze,PayPal,West,24,254.22,2025-01-21,4.9,12,6.7,2,2
f3def98d-e7dc-43e9-b984-e2065c9eeff8,28,Female,97850,69,Gold,PayPal,Central,20,163.6,2024-12-15,4.0,17,7.39,2,2
4bd1bcbe-01e3-4735-9b54-5f379150f0e2,56,Male,55521,14,Bronze,Cryptocurrency,South,27,64.81,2024-08-25,3.4,18,6.41,2,2
b1781958-383d-47bd-ab3a-be056f1d978f,63,Male,57249,8,Bronze,Debit Card,South,21,439.8,2025-04-08,4.1,12,5.83,0,0
6b5e4a57-d8ec-4e25-a755-2e1910f36e2d,51,Male,82661,20,Silver,Cryptocurrency,West,12,343.96,2025-03-24,2.3,17,3.58,1,2
03bc0853-7735-4a79-9de3-0d14db32920d,66,Female,110299,50,Silver,Cryptocurrency,Central,17,404.87,2024-08-04,4.3,12,1.78,2,2
de225690-7aa4-4210-8bef-3df8649021a6,33,Female,99606,55,Bronze,Credit Card,East,18,308.43,2025-04-18,1.6,11,5.47,0,0
22a64496-d3d8-43cb-8bb6-7853dba5d43e,42,Male,48428,69,Bronze,PayPal,East,26,429.73,2025-03-03,4.6,20,8.66,1,2
0ffb2c8e-ca77-43d1-88d5-42bdb4e78743,52,Female,89563,69,Silver,Debit Card,North,12,282.13,2024-07-05,4.8,24,3.93,3,2
4dec671b-edb4-447a-afd4-9616908386c6,49,Female,104559,96,Bronze,Debit Card,South,21,413.53,2025-04-16,1.4,15,8.61,1,0
7dda61dd-ad60-405a-b295-f527d62644d0,57,Female,124504,89,Silver,Cryptocurrency,West,29,288.24,2024-07-12,2.7,12,5.74,0,1
b862128f-1fbb-4bbb-8582-b773b3398b6e,52,Female,127123,41,Platinum,Debit Card,South,17,380.11,2025-01-27,3.5,18,6.78,2,4
adac5ee0-c4ac-4981-b10f-70818e19605d,42,Female,45594,20,Bronze,PayPal,South,21,434.19,2025-04-23,4.3,15,2.64,1,0
76bff450-51ae-4504-80e3-6d6fe4aed0cb,69,Male,122267,98,Silver,Credit Card,South,19,259.31,2024-09-14,1.6,14,3.87,3,2
f75ed706-a922-4673-b99d-d4361469c3ac,68,Male,147978,87,Gold,Debit Card,Central,13,324.14,2025-05-04,3.9,16,5.99,1,1
3e33e0a1-4eee-473c-880b-17e606c14d32,24,Male,138778,72,Silver,PayPal,North,20,471.19,2024-08-16,2.1,11,5.55,2,2
475b92c3-9904-4750-8fcb-ca6cb8ded1cc,53,Male,139822,37,Bronze,PayPal,South,23,196.54,2025-04-11,1.1,18,5.82,1,1
99bf8d88-9f26-40cf-b37c-db66340db88a,59,Female,25597,87,Silver,Debit Card,North,20,31.07,2024-12-25,3.4,11,3.19,1,0
cb56ff95-bdc6-4f5b-864e-480654a71f51,64,Male,121762,52,Bronze,PayPal,Central,18,402.59,2025-03-31,2.4,14,1.61,1,0
c418cbce-5c9e-4a7b-8468-c04b28357f0c,47,Female,62012,63,Bronze,Cryptocurrency,South,26,260.41,2025-04-12,4.2,17,3.39,0,0
b1beac88-a33a-4252-bad0-d4c717cd1fd7,57,Female,27006,23,Bronze,Credit Card,North,19,25.88,2024-12-20,2.3,11,8.93,1,0
bd6e88a7-9ec4-4508-9ba7-eaf6da47f11b,34,Female,121086,29,Gold,Cryptocurrency,North,26,257.36,2025-01-08,1.4,12,3.39,0,1
48618c6e-4ab2-4166-9840-8bea7720ca5b,22,Female,87462,80,Silver,Cryptocurrency,South,20,360.96,2025-05-09,4.6,22,5.29,2,0
201a2c92-b916-45af-8d0b-415a17424aab,57,Female,27784,19,Bronze,Debit Card,South,12,227.01,2025-03-26,4.9,18,7.56,2,1
f002379c-27a6-49c1-839a-70d94d1b822b,25,Male,116134,11,Bronze,PayPal,Central,19,229.11,2025-05-23,2.5,13,2.1,1,3
17e390e8-031c-4eef-a970-ecff804447fb,38,Male,118591,84,Silver,Credit Card,North,19,350.44,2025-03-31,2.1,25,4.54,2,2
75f239d0-3a14-4a86-8390-42c32717856c,33,Male,96488,88,Gold,PayPal,North,18,493.5,2025-01-15,4.4,17,6.77,0,0
51b17c71-e648-415b-80cf-174242f4f841,54,Female,75891,58,Silver,Debit Card,North,19,364.88,2025-05-06,3.4,15,3.15,1,0
9d37f5e8-ccfd-4565-b642-ff7773253a96,29,Female,54723,33,Platinum,Debit Card,North,16,57.32,2025-05-09,2.1,12,8.05,1,0
a8dc0c78-b33f-40cb-9e46-90998f91dcd9,37,Male,90207,71,Silver,Credit Card,East,21,76.22,2025-03-15,3.0,20,5.85,0,1
0d5c0b4b-c3bc-49e8-856f-dd8511e16ede,40,Male,68604,65,Silver,Cryptocurrency,North,18,128.12,2024-10-17,2.3,15,6.08,1,0
e99342fd-b714-406f-b560-3cb4227063b9,42,Female,25239,43,Bronze,Credit Card,South,14,77.78,2024-07-10,3.3,22,3.12,2,0
0b16309a-ca13-4650-8051-aaee6a67cb94,54,Male,55702,99,Bronze,Cryptocurrency,South,18,117.98,2024-09-02,1.4,23,3.95,1,1
26159ccb-4cc8-4a86-866a-a68778f5aafd,45,Male,91688,81,Bronze,Debit Card,West,15,107.73,2024-11-04,4.4,15,4.14,1,2
2de87175-5908-48af-b710-bdf2ccdd2474,53,Female,48528,68,Bronze,Debit Card,North,25,403.11,2024-07-27,3.3,11,8.08,2,0
04f940db-ad09-445f-b2c8-79ea3b4a28b1,53,Female,39567,53,Bronze,PayPal,Central,18,49.7,2024-06-24,4.4,9,3.38,0,0
56a6fca0-da02-4097-b307-0acbd9aba51f,23,Male,112799,9,Bronze,PayPal,East,18,394.96,2024-11-24,4.5,20,5.44,3,0
2942e450-2c4d-45a4-b710-b1f255ea2261,65,Female,134791,23,Bronze,Debit Card,East,26,464.41,2025-04-18,3.8,14,4.04,4,3
9062cad6-9fbd-4713-9440-511330d837fb,65,Female,85094,11,Bronze,Credit Card,East,15,100.74,2025-05-23,4.2,16,3.65,1,0
977d9540-6a57-4d9f-b4d1-6ca0afd3e9e6,30,Male,149173,33,Silver,Credit Card,North,17,223.79,2024-09-30,3.7,18,4.74,0,0
bd5250d1-063c-4ea4-8558-4e8d5fb22975,46,Female,20814,10,Bronze,PayPal,West,23,190.65,2025-01-15,3.7,13,5.98,1,1
9655f966-3aa3-4dda-8a14-a608f50945d7,57,Male,80064,38,Bronze,Credit Card,East,20,158.03,2025-04-23,4.0,15,3.92,4,1
8917b530-a3bd-4f9e-8fc8-45d1f9c8f8b9,53,Male,64470,31,Bronze,Cryptocurrency,East,15,156.77,2025-03-31,3.5,18,7.71,3,0
89ff6001-d4f7-40a7-97a1-0950a8d154bb,62,Male,76782,32,Silver,Cryptocurrency,West,20,309.69,2025-04-01,1.9,13,2.8,0,1
43e16967-0e8b-41ee-aad4-c656e295753c,67,Male,59899,84,Bronze,Cryptocurrency,West,23,292.87,2025-04-16,3.5,15,7.08,0,0
ee5ad480-6a56-4fa6-9a1f-1b70353e96c5,32,Male,28769,92,Silver,PayPal,West,11,142.94,2024-12-12,2.2,19,4.99,2,3
850807c3-f8c3-46e2-a0e2-08988f0af4c7,52,Female,89360,64,Silver,Debit Card,Central,24,176.98,2024-09-02,1.8,12,4.33,2,2
7053de54-f304-4f3d-9e77-9750eaa4ed25,42,Male,39750,38,Bronze,Debit Card,South,22,333.55,2024-07-21,1.8,10,3.55,0,0
bdff57e8-84a2-4e15-9f8c-3f20de97fd3e,43,Male,86652,37,Gold,Credit Card,West,17,271.0,2024-08-07,1.9,15,4.94,2,1
36f62284-9441-4557-9a37-717f51dba63e,56,Male,54536,82,Platinum,Cryptocurrency,East,22,67.42,2024-08-03,4.3,17,4.12,0,1
b074baf2-def6-466c-9eac-ee28b2533c8c,68,Female,95888,7,Bronze,Credit Card,Central,15,60.3,2024-10-05,1.3,13,7.61,0,2
a9c39ad0-2b93-4ba1-b8f2-62faa185c0d8,57,Female,29495,98,Silver,Debit Card,Central,17,123.8,2025-02-06,2.6,14,6.85,0,4
5a1f761f-6788-4e78-8615-f9e8458da7c7,43,Female,23654,63,Bronze,Debit Card,East,24,191.59,2025-05-08,1.9,16,1.99,0,0
4c5e95b0-e6c1-444d-ba6d-d20cd04feb75,26,Female,147925,36,Bronze,PayPal,Central,20,64.77,2024-09-29,2.7,23,9.04,1,1
8c0ed1c3-5390-4a8d-8cbe-7b46dde1f9c0,42,Male,82415,44,Bronze,Debit Card,North,17,473.53,2025-02-07,4.0,14,6.75,1,0
9b678493-8826-47a0-a04d-f3fbdc87aebc,67,Female,118637,69,Gold,Cryptocurrency,West,16,416.18,2025-01-03,4.4,6,5.81,5,0
1236ebb1-c6bc-4444-9a24-0fa6a0e8474b,64,Female,47048,82,Silver,Cryptocurrency,South,18,17.48,2024-10-25,1.8,6,4.57,2,2
3be69ed6-3ff0-44bc-a8fe-c21b9421b56a,46,Male,113614,9,Bronze,PayPal,West,23,38.85,2024-12-06,1.3,12,4.97,2,1
970b2466-1095-491c-bb75-d7d1488352f9,53,Other,26677,85,Bronze,Credit Card,West,26,154.13,2024-09-07,4.0,19,6.5,2,0
3c09b632-d2c7-456a-9543-dd4f42a0b5e5,27,Female,78491,49,Silver,Debit Card,West,20,280.08,2024-06-28,1.9,17,3.53,3,1
2d671188-95db-402f-8cba-008885539785,59,Male,126511,96,Bronze,PayPal,West,22,138.12,2024-10-30,4.3,14,4.81,2,0
8f96f245-dc06-47e4-97b3-e678ba7866fe,38,Male,41777,57,Bronze,PayPal,North,19,342.78,2024-07-28,4.2,13,5.39,1,0
32274dea-8fb1-4a72-8569-420bea7e18e8,61,Male,91746,69,Gold,Cryptocurrency,East,22,411.21,2025-01-20,3.0,13,3.96,1,3
f59a37fe-5d54-403d-9b91-5bf29742e918,32,Female,118115,58,Silver,Debit Card,West,19,244.76,2024-09-30,2.0,11,5.67,5,0
7d25a068-3f33-454d-b03a-888087a3ca19,55,Male,70559,80,Bronze,PayPal,East,12,462.07,2024-09-02,2.7,17,7.38,1,0
12ecabb0-e7ee-4e4b-b720-b57e8e2dd954,46,Male,46951,17,Bronze,Credit Card,West,18,449.25,2025-02-06,4.6,12,5.72,1,1
4931e894-c9be-4bf6-a282-7fe6940b8a0f,38,Male,133915,25,Bronze,Debit Card,East,25,45.47,2025-04-21,2.1,16,7.81,1,3
79ef6447-4d00-46ab-81ac-64a875c4784f,58,Female,94989,84,Silver,Credit Card,North,20,47.73,2024-12-10,3.6,21,4.95,0,1
78fe687c-5c78-4cd3-a940-a20d4449fa45,53,Female,116123,75,Bronze,Credit Card,Central,18,80.08,2024-07-20,4.0,14,7.5,1,0
0553552a-85a2-4f99-b0c0-41cedcc10512,62,Female,130685,25,Bronze,Credit Card,Central,38,291.65,2025-03-24,3.8,20,5.54,3,1
48c26906-6f18-470e-8a77-368849e0ea99,39,Female,23005,49,Silver,Cryptocurrency,North,12,149.3,2025-06-01,2.3,19,1.5,1,1
8ff38dda-e943-452d-ad01-d23d26afee37,64,Female,33829,76,Silver,Credit Card,Central,16,130.86,2024-11-25,2.4,19,2.89,1,1
3b8e26d1-947f-44bd-b36e-f5528b095798,18,Male,136903,12,Gold,Credit Card,East,15,438.55,2024-08-10,4.8,24,2.69,3,0
d44d4b41-740a-44ef-81c0-fc8227e1140a,57,Female,149925,11,Silver,Credit Card,Central,24,483.45,2025-06-05,4.5,14,5.6,3,0
15b547c5-8e78-4367-b3d6-dd35c49cbc50,60,Male,118103,44,Bronze,Credit Card,Central,26,13.96,2024-11-19,1.4,11,3.53,2,0
52d8b77e-03a4-490c-a0e8-0f36a9b4bfe5,35,Male,126954,59,Platinum,Debit Card,South,22,491.95,2025-01-08,4.6,21,3.81,3,0
81f21784-b74a-4f09-9a71-9a257a797bd5,50,Female,88718,85,Gold,Credit Card,East,18,468.66,2024-10-14,4.5,17,8.22,5,1
e5c0c805-737a-4dab-97ba-b4f23d469adf,27,Female,38599,30,Platinum,Cryptocurrency,West,22,207.59,2024-11-20,3.9,24,6.72,0,2
8756db0c-a359-4fdf-8b38-d232c53848fd,54,Male,146233,80,Gold,Credit Card,Central,16,380.41,2025-01-15,2.2,15,3.9,2,1
e082be87-e479-43b8-907c-22c49e29fe39,25,Male,41944,54,Silver,Debit Card,Central,27,239.4,2024-06-26,1.1,14,3.89,5,1
c41ecc5e-a5e4-463b-9c1f-9c5772a17e26,43,Male,72034,55,Bronze,Debit Card,West,18,256.27,2025-02-10,3.3,14,4.29,2,1
523a4286-7253-4ff4-8ff3-19df0f23b99c,58,Female,82110,36,Bronze,PayPal,North,27,451.55,2025-05-10,3.1,15,5.38,2,2
2a3ae1c8-cf56-4d76-b834-7af3f8324e7a,59,Male,28360,69,Gold,PayPal,West,17,380.93,2024-06-25,1.6,14,4.14,1,0
6f6e182c-96cd-48a5-a45b-ab334d68685d,25,Female,23996,1,Bronze,Credit Card,Central,13,92.88,2024-07-16,3.9,21,9.69,2,0
de4f82a7-7899-4e79-90e4-8a5f64abf4d5,68,Male,34048,44,Bronze,PayPal,West,18,42.79,2025-03-10,2.7,10,7.71,2,0
afd6eef9-5b98-4dd4-8170-9aac9f886a3f,67,Female,75505,71,Silver,Cryptocurrency,Central,24,389.3,2025-01-11,1.2,13,0.72,2,1
a303671e-426a-428c-8012-eef4af8e8b50,30,Female,54819,65,Platinum,Credit Card,East,16,359.33,2025-02-08,3.4,20,1.25,0,3
88ef0629-8432-4323-ba03-d9f35a5e9e25,44,Female,70764,1,Silver,PayPal,Central,23,80.17,2025-06-16,2.5,12,4.09,2,3
22594c4c-06c6-4e82-b7e9-1f9a3ca622ad,33,Female,127277,75,Bronze,Credit Card,West,29,471.02,2024-09-28,2.6,18,4.08,2,1
328342b9-b3d2-4783-a8e4-5743a6ff824b,32,Female,117104,50,Bronze,PayPal,South,24,86.71,2024-07-25,3.5,24,1.17,2,1
fb593753-22b7-48fd-be6d-463be851fb52,30,Female,66209,41,Platinum,Debit Card,South,23,398.7,2024-09-27,4.5,19,7.44,1,0
b13114f0-e8ef-43a9-8d84-742eea2ba462,23,Male,36585,37,Bronze,Cryptocurrency,East,25,16.66,2024-06-28,3.8,12,2.85,1,1
0254994e-c406-4028-8e25-9eb880116830,19,Female,55895,4,Platinum,Cryptocurrency,North,18,332.86,2024-10-11,2.2,18,5.74,5,0
21f0caaa-03e4-4820-b70f-f884b7e0604a,38,Female,114584,72,Silver,Credit Card,West,14,448.18,2024-06-25,4.5,13,7.44,2,0
4118e5d9-eb4c-4909-8380-4f200315c5c9,27,Female,53083,10,Silver,Credit Card,West,17,291.6,2024-12-30,3.4,12,6.03,0,0
e3d7fcbd-4c0f-40b1-a8f6-de31282157bb,38,Female,72385,16,Gold,Cryptocurrency,North,17,229.17,2024-09-02,2.6,22,3.31,0,0
0ddba101-47ce-4727-aef7-c41ace9595c8,59,Female,120651,31,Silver,Credit Card,North,24,162.89,2025-01-10,4.8,12,4.4,1,1
8fa4ff59-8b26-4382-a882-a8f270695cef,63,Female,49381,6,Silver,Debit Card,South,22,333.01,2024-09-11,1.1,22,7.93,2,0
b8a58f60-6380-4e30-bcb4-6fd26a239b44,30,Male,26073,4,Platinum,PayPal,North,18,240.34,2024-09-10,1.9,17,5.5,4,3
eedb79b3-be59-430f-97fa-b9e91ea188a0,21,Other,79870,48,Gold,Cryptocurrency,North,11,357.11,2024-11-17,1.4,10,0.5,2,0
7b4959c2-29f3-4947-9480-b999d021948b,41,Male,69190,23,Bronze,PayPal,Central,21,349.68,2025-03-02,4.4,8,1.34,1,2
9c10a5e0-94f9-428f-8f17-137943cad3e3,19,Male,92485,48,Gold,Credit Card,West,16,429.24,2025-01-25,2.7,18,3.39,3,0
ae634908-6a12-4cba-87b1-ba4d8b4185e2,30,Female,20168,37,Platinum,Cryptocurrency,East,28,195.18,2024-07-06,1.1,18,7.53,5,0
7a954a95-5068-4eaf-b728-a758ac94f972,52,Female,23527,88,Silver,PayPal,Central,29,131.73,2024-10-10,2.0,11,4.73,2,1
2dd95277-354a-4007-acf5-ee64b824b286,60,Female,77194,95,Platinum,Debit Card,Central,19,278.3,2025-02-12,2.9,9,0.87,2,2
434054bd-0378-4137-bc4b-f9ae81dd44d1,52,Male,37938,9,Gold,Credit Card,Central,25,15.98,2025-02-11,2.1,17,3.68,3,0
8b1b2925-9b26-46f8-8f26-475c22f910f2,35,Male,20557,41,Silver,Cryptocurrency,East,22,437.84,2024-10-10,4.5,23,4.35,3,2
dbcb5fdd-7967-4104-9999-ad374de7e598,64,Male,117438,17,Bronze,Cryptocurrency,Central,24,380.76,2025-02-02,2.4,15,6.1,1,1
51ef0eb3-fe58-49a8-827d-a60a7863e260,28,Other,31913,22,Silver,PayPal,South,15,211.83,2025-01-24,3.9,15,2.74,0,2
4fbf5200-6f27-42d2-a935-7bc7ad49a7df,65,Male,109074,82,Silver,PayPal,East,29,55.19,2025-02-01,2.9,13,5.02,0,0
45ec7f89-0820-4611-b8f9-7c30d396c6f9,51,Female,63726,29,Bronze,Debit Card,South,23,27.26,2025-06-03,3.6,14,2.48,1,0
81db1d08-8cb3-4cd7-8801-63e8b456f241,64,Female,60834,48,Silver,PayPal,South,17,332.69,2025-02-10,1.6,13,3.5,0,0
dd21f1b2-7df3-4552-ba4e-80ceb88c2d71,57,Male,79341,25,Bronze,PayPal,South,17,58.52,2025-03-11,3.0,24,5.88,1,0
e486457c-c0f0-4744-8dc3-928fb44c4e6c,62,Female,45223,62,Bronze,Debit Card,Central,19,254.24,2024-07-20,1.5,11,1.6,1,0
eb1f055c-082a-486e-bf3f-bff101a33e49,61,Male,32842,95,Silver,PayPal,Central,19,463.75,2025-05-06,2.1,20,9.08,2,0
b26fcd67-e93c-4122-a523-9498045cef6b,63,Female,138313,24,Silver,Debit Card,South,20,116.16,2025-03-10,3.8,9,5.48,2,0
113d854a-d95f-4d5e-aa88-d8e3b8e184ea,36,Male,84162,31,Silver,Credit Card,East,15,76.74,2024-08-14,1.7,21,6.34,2,0
77c20127-8d64-4774-8a1d-baab4e6c4245,39,Female,81083,83,Bronze,Debit Card,East,31,186.36,2025-04-20,1.5,15,5.39,2,1
8c4c1505-b544-4759-b419-e553fd89eaeb,61,Female,119667,20,Platinum,Cryptocurrency,South,31,411.33,2024-09-30,1.0,12,3.11,4,0
6a18d16a-969d-42b2-9596-cd90007b9b28,22,Male,149282,73,Bronze,Credit Card,East,23,120.31,2025-03-28,2.9,11,3.7,2,0
765680c9-2fc1-4b62-b75a-49a832d71278,22,Female,73054,11,Bronze,Debit Card,East,17,188.8,2025-01-14,4.0,14,6.52,1,0
162db180-2c2d-45a6-a9ab-4523d0b11b0e,62,Female,64383,55,Bronze,Credit Card,West,22,209.13,2025-01-07,4.1,15,8.37,1,1
3ff9954b-d185-427d-8d5a-217a702f0ccd,59,Female,108568,12,Bronze,PayPal,South,26,463.88,2024-10-31,2.8,15,4.68,1,1
c084bdcc-fd11-4f45-b361-168aaff6a4fb,35,Male,40929,83,Gold,Debit Card,North,12,269.08,2025-01-16,4.0,14,4.05,2,0
99f55da4-a361-4809-adf7-645fc9932d0e,35,Male,83647,71,Bronze,Credit Card,South,26,299.45,2024-09-29,1.2,15,1.67,2,0
92371e67-7259-4563-90e8-c0a0545676a1,27,Male,34378,41,Platinum,Credit Card,South,9,235.88,2025-01-12,3.5,12,4.77,1,0
3b7b19dd-f61c-48b5-92d8-c265043dbfe2,51,Male,113479,78,Bronze,PayPal,West,19,104.46,2025-03-25,3.0,20,5.56,1,1
b8463de2-43b3-4191-813f-c18dcccfeb1e,42,Male,117270,50,Bronze,Credit Card,West,17,185.43,2025-06-08,5.0,13,7.03,2,1
2d6ddeb4-c1c9-4e39-ab6b-c8f340e202c9,67,Female,116604,87,Bronze,Debit Card,South,23,99.7,2024-10-19,3.4,16,7.09,0,1
769d45d3-7599-47c3-8532-5bd3b60ad417,45,Female,57142,16,Bronze,Debit Card,East,20,222.8,2024-12-13,3.9,18,4.11,2,1
590c0bfe-08f4-45d4-8c04-c229f47c5267,48,Male,127789,98,Platinum,Debit Card,East,22,241.12,2025-05-01,1.4,16,5.63,1,0
8bc23b7c-6263-4823-81ce-a587a32ad322,53,Male,126854,32,Gold,Credit Card,Central,21,105.28,2024-10-03,1.6,20,2.6,1,2
9f10a944-581c-4861-b973-9c9eb514ff3a,59,Male,44707,21,Silver,PayPal,Central,21,188.69,2024-12-24,4.9,10,7.81,1,2
bd59d724-2c97-4df9-a251-027f61989a11,58,Female,94548,9,Silver,PayPal,West,17,415.51,2025-03-31,3.9,16,2.56,0,1
63b5b05d-2329-4319-9e9c-7e1e098f0e3a,37,Male,58180,28,Bronze,Credit Card,South,21,110.54,2024-07-23,3.5,14,4.59,1,0
f2f0a7a9-df8e-4ae1-9504-963373e86ce8,38,Male,147558,24,Bronze,Credit Card,North,16,429.18,2025-03-25,2.1,15,4.48,0,0
7fb72099-40bc-4a5e-a9aa-5eff65bd5d9c,43,Male,38934,61,Bronze,Credit Card,South,22,406.94,2025-06-06,4.2,13,4.45,2,2
4b9fff23-f78a-4ee3-a261-99ffecbe0999,30,Male,109856,22,Bronze,Debit Card,West,28,84.41,2024-08-24,1.6,18,6.61,6,0
b113b259-f9c8-40f2-a1e0-ca88b4265c3c,40,Female,116683,28,Bronze,Credit Card,Central,13,295.41,2025-01-11,2.8,13,6.83,0,0
1c22e778-5cb5-47bb-927b-67e77d738016,47,Male,149693,78,Gold,Credit Card,South,20,17.32,2025-02-21,3.7,18,0.79,2,0
a7ff39af-15bc-4ee4-851d-d2fd47104310,47,Male,62876,6,Silver,Cryptocurrency,East,18,290.5,2024-08-06,1.0,11,3.89,1,0
0d55bcca-3606-4387-ad4e-2cbece7a32e2,49,Female,140965,87,Gold,Credit Card,West,18,493.72,2024-11-20,4.7,14,7.69,2,0
d58ebea5-4df3-4bd7-bfe5-67bc4bb33623,31,Male,53117,8,Bronze,Cryptocurrency,Central,19,332.69,2024-12-17,2.0,15,3.96,0,1
9f40c6ec-6c65-4097-9c34-3f3658e744cd,55,Male,48554,92,Silver,Debit Card,West,22,133.08,2025-02-12,4.2,12,6.91,2,1
7105fc09-25e7-4d3c-ab0d-a1d342895d2d,21,Other,93694,10,Bronze,Credit Card,Central,21,484.08,2025-03-19,1.9,12,5.82,0,3
ff21522f-39fc-4cf2-b623-878c0ec99c39,23,Female,24746,25,Gold,Debit Card,North,15,407.38,2025-05-09,4.4,13,2.3,1,0
64ab5744-62d0-494f-accc-eed9d6574aba,43,Female,129756,29,Bronze,Cryptocurrency,Central,23,339.26,2025-03-06,4.1,13,5.5,3,1
a811dda7-11f6-4a22-b423-1f4959361e85,24,Female,107008,74,Platinum,Cryptocurrency,East,22,54.14,2025-04-19,5.0,19,3.74,1,1
e3d83ff8-c6ac-4d63-9c90-423209df50a6,48,Male,119821,31,Gold,PayPal,North,21,493.08,2024-07-15,3.2,17,4.3,0,2
c58b9b5e-e572-4c08-9877-f5999e7f16bd,66,Female,30677,37,Bronze,Credit Card,Central,22,386.19,2024-09-01,2.5,18,3.44,3,0
490038cc-2b9e-4841-97f5-bc94f5cda2f1,37,Female,148787,53,Bronze,Debit Card,Central,20,43.0,2024-10-15,1.9,16,5.61,3,0
708cb506-211c-4dd5-a72a-a63649e87ee9,65,Male,112674,77,Bronze,Credit Card,North,22,490.23,2025-01-04,3.8,19,4.07,0,0
023aad58-a44e-4554-ba37-41d5566aaeab,51,Female,140973,66,Bronze,PayPal,West,23,350.4,2025-02-19,4.1,15,7.06,2,2
8736628c-0a5d-4a71-8c10-1eb2b6db0192,29,Male,101951,58,Bronze,PayPal,West,19,353.56,2025-03-06,4.2,14,5.92,1,1
b3070adc-1cf0-4902-a979-446178301003,35,Female,27076,44,Silver,Debit Card,Central,20,352.12,2025-03-05,4.1,16,3.6,2,1
f30e189b-fd94-48c6-a3fd-1ee39c8fbfff,32,Other,96939,82,Bronze,Credit Card,West,23,59.23,2024-12-27,3.4,14,0.77,0,1
36132dfe-e111-40c8-914e-a49ee238222f,51,Male,42735,16,Silver,PayPal,Central,21,178.9,2024-12-29,3.9,16,7.35,3,0
f571302b-e801-43c5-bc19-da207601453f,45,Female,49157,48,Platinum,PayPal,South,18,247.22,2024-08-20,1.7,21,6.65,1,2
05852ff1-bc6b-43bb-a57d-83add347346b,26,Female,85430,88,Silver,PayPal,East,16,300.56,2024-09-09,1.8,18,7.86,0,0
b9978ce3-cfd8-41b1-8ad9-03e4a305b572,60,Female,46093,25,Silver,Debit Card,North,15,271.88,2024-09-08,3.5,13,7.78,0,0
73cb4f72-57e9-4fbd-9ef9-23eb57bace63,35,Female,23244,60,Bronze,Credit Card,North,17,186.12,2025-01-05,3.2,19,4.06,3,0
c1686881-20d8-43b2-8b64-9f189e2b419f,44,Male,80334,92,Gold,Cryptocurrency,East,30,256.84,2024-06-28,3.6,16,7.29,2,2
b5cf1d7d-82c4-4e98-a2c1-e502bf1c5603,59,Male,66360,63,Bronze,Cryptocurrency,East,20,39.92,2024-09-16,3.8,16,3.0,4,2
7ddec9be-8666-4c40-933e-40a2fcee725f,19,Female,117486,36,Bronze,Cryptocurrency,South,22,103.4,2024-07-25,4.0,14,2.47,1,0
f8e8cace-ffb9-4951-a34f-1c51a7e0f1bc,47,Male,66696,77,Platinum,Debit Card,South,14,384.37,2024-12-16,1.4,18,1.79,1,2
6e6f9629-fe4b-4d61-a40e-e3a2e9af8151,47,Female,84577,87,Bronze,Debit Card,Central,25,247.55,2024-08-13,3.4,11,9.35,3,0
46c14898-d841-4e1c-8b7d-aea9b9f9b564,49,Female,65231,26,Bronze,Cryptocurrency,East,18,193.29,2025-05-29,3.7,13,5.71,1,3
62ce0b83-f093-4254-8eb7-1d5ee5cafc2a,56,Female,71696,4,Gold,PayPal,Central,26,429.34,2025-06-14,5.0,22,3.83,2,1
eae0407a-923c-4618-8c82-983b6f9f031e,32,Female,24753,42,Gold,Debit Card,Central,16,285.11,2025-05-28,2.3,18,0.5,3,1
c938e77f-8540-4102-b367-f30db7ecc62a,57,Male,20975,40,Silver,PayPal,East,21,473.09,2025-06-16,3.3,14,4.29,1,2
34850568-0259-4922-b0bb-0b2d84267e77,45,Female,138711,79,Bronze,PayPal,Central,12,129.17,2025-03-29,3.0,11,4.31,1,2
54f1b658-b88f-4203-a738-757cebce5c98,46,Male,129822,14,Silver,PayPal,South,19,232.02,2025-03-03,1.7,23,2.47,1,0
e6c16f70-5385-457c-b641-9ef5b5b1a0b8,61,Female,79801,34,Silver,Cryptocurrency,Central,17,322.15,2025-02-08,4.0,17,1.51,0,1
8ebf3bd9-e3a2-432f-9f98-fc9631241d0a,35,Male,28912,78,Platinum,Debit Card,South,21,118.66,2024-11-13,1.4,17,6.32,1,2
bd56751e-c8c0-4cd9-8e14-c435e450b788,35,Male,51696,48,Bronze,Debit Card,North,24,413.03,2024-09-20,2.4,13,3.19,1,0
aa4d85c6-6fbf-4a01-a1af-5c8892e84196,43,Female,99435,38,Bronze,PayPal,West,24,289.32,2025-05-12,4.6,23,7.6,0,1
e3e4a8dc-a2c1-463d-bf13-22a1eb6e3d80,32,Female,147773,31,Bronze,PayPal,West,16,386.64,2025-01-09,4.2,10,5.36,0,0
5ec880e1-840f-4a4a-8d9a-d3257b5e8179,22,Female,75186,89,Gold,Cryptocurrency,Central,26,199.84,2024-11-28,2.2,18,4.52,0,0
9d1b3508-a2e3-4bff-930a-e1f18c1a9b93,24,Male,112701,93,Silver,Cryptocurrency,West,17,410.64,2024-08-09,3.2,14,4.57,1,1
41d80c81-4251-4c26-9b89-b2a64c67b68d,46,Male,47546,58,Silver,Cryptocurrency,Central,15,351.52,2025-01-22,1.4,20,3.69,1,1
b7eb074b-2185-485e-84e7-ed64b585db48,29,Other,139755,56,Gold,Debit Card,Central,24,441.83,2025-05-11,3.1,21,4.74,1,0
1ec96c0a-be56-4f8a-849a-16faff2bcbc6,28,Female,68073,92,Gold,Cryptocurrency,South,9,274.29,2025-05-19,1.2,17,3.51,3,1
bd967fc7-72ed-4df9-ac13-31176d898097,52,Female,129955,60,Silver,PayPal,West,18,323.87,2024-09-03,5.0,23,4.89,2,2
7ff8d4ef-e9c0-41d0-a9db-3a5e09c29542,62,Other,61482,71,Bronze,Debit Card,Central,27,322.42,2024-08-05,1.3,16,5.68,0,0
0591d311-e8f9-4734-a59c-7038455b309c,30,Male,83004,68,Gold,Credit Card,South,30,78.15,2025-03-02,4.6,19,5.14,3,1
408588ed-0f23-414e-b7c3-df3fa5b76a33,47,Male,41414,13,Silver,Debit Card,East,28,417.36,2025-05-11,4.2,18,5.92,1,2
3bc3d4d5-2df6-47e8-8701-1318dcf4f634,33,Female,110051,81,Bronze,PayPal,South,13,227.23,2025-01-04,3.7,19,6.24,1,0
7371945e-ecb6-42c2-945d-8b1686de9df0,48,Male,72483,83,Platinum,Credit Card,North,20,477.7,2024-12-15,4.7,17,1.34,3,2
4e5d9cdc-58d4-4194-a353-78db239a2775,53,Female,21869,26,Bronze,PayPal,West,19,491.56,2025-01-28,2.0,13,5.27,1,2
8763a607-e152-4c5f-9a8e-620230f867ee,18,Male,111291,82,Bronze,Credit Card,West,23,357.48,2025-03-15,4.9,14,1.52,1,1
13b5ebe6-5905-4c7d-9550-7780cc3f48ad,21,Female,54030,86,Bronze,Cryptocurrency,North,14,72.55,2025-01-24,1.1,15,3.96,1,2
e7ba4581-6dce-4cfa-a7df-c9fb0c52c36e,33,Male,43368,21,Silver,Cryptocurrency,Central,24,308.51,2024-07-29,1.4,16,3.63,1,3
d7a996b1-2ae4-4db0-89de-72c194e74525,58,Male,34819,87,Bronze,Cryptocurrency,North,27,27.0,2024-08-01,2.9,21,6.6,0,1
1844f78c-d704-4af0-b492-ad2312664eea,30,Female,65162,32,Gold,Debit Card,North,20,65.49,2025-04-09,3.2,21,6.07,3,1
40564a4f-4146-404e-911f-231c773c586f,39,Male,115516,73,Silver,PayPal,North,30,160.07,2024-11-27,1.5,16,2.21,0,2
5607fdbd-74ae-436c-af35-d5d9358eb764,63,Female,124893,15,Silver,PayPal,South,21,206.67,2024-12-16,3.5,12,1.64,1,1
983288f3-0eb7-479e-a75a-f9a56f4410b5,32,Other,110287,8,Bronze,Credit Card,Central,14,192.17,2025-02-16,4.5,18,7.36,3,1
d96c883a-1412-4224-b00b-c1917fee932f,21,Female,112141,4,Gold,Cryptocurrency,East,27,180.46,2025-04-05,2.1,7,3.9,3,0
bb45c04e-f3e0-432c-bea7-72681c930fe2,54,Male,145811,68,Bronze,Credit Card,South,13,276.49,2024-10-07,1.2,13,4.73,0,0
b02d4008-a797-4b29-a37e-97b4205bffe8,51,Other,147171,30,Silver,Debit Card,South,26,377.08,2024-06-24,4.2,16,5.61,0,0
a8816455-d809-4071-916b-e8d571371cab,35,Male,101234,47,Gold,Debit Card,Central,20,298.68,2024-09-23,2.3,15,3.73,2,0
359bba64-8141-4aa1-9eaf-882030812e42,24,Male,76202,57,Bronze,Debit Card,South,22,370.77,2024-08-09,1.8,12,5.72,1,1
a42a1346-64e2-48cd-b502-1cdfbf7f723e,43,Male,71179,41,Bronze,Debit Card,South,20,410.03,2025-03-18,2.4,14,7.62,4,1
e803e6ad-39d6-40ec-bab7-c862b6a1598c,65,Male,70400,39,Silver,Cryptocurrency,South,14,168.96,2025-02-25,3.6,13,6.69,2,1
e572b5bb-aaed-43b5-8b1a-240b70f21689,57,Male,53617,40,Bronze,Credit Card,East,16,20.0,2025-05-12,3.3,20,5.2,3,0
5e8f53bb-8dc5-4029-a9d4-e96a7c8ba76c,61,Female,73871,63,Bronze,PayPal,North,18,98.56,2025-05-12,4.6,17,4.69,5,0
0a7b7ca6-6263-44a7-9d78-3c2074f52abb,46,Male,43471,13,Silver,Cryptocurrency,Central,23,142.5,2024-08-10,2.9,20,5.78,1,0
d1b33539-9283-4d9d-98a4-59d150288b7b,56,Male,57962,63,Platinum,Credit Card,South,18,10.19,2025-04-08,4.2,12,5.68,1,0
457e4138-4a02-4754-878f-e0516f259442,65,Male,104982,30,Gold,Credit Card,East,21,185.44,2025-02-21,4.2,7,2.1,0,0
63be556d-b093-4f6d-9763-fa2d368cbe6d,29,Male,39693,99,Bronze,Cryptocurrency,North,23,328.04,2025-04-08,1.4,12,3.99,2,2
ea51233d-5f56-4270-9421-382e6f5f71c3,38,Female,29993,72,Silver,Debit Card,East,23,203.01,2024-07-06,4.3,17,6.45,2,1
a85029e9-6d01-47f4-aedc-2f0a6bd13c7f,18,Male,77290,68,Bronze,Cryptocurrency,South,22,126.85,2025-01-09,1.4,23,2.45,1,0
0a0cef72-fd15-4408-a601-bedd9b3ca766,59,Male,66384,94,Bronze,Credit Card,East,19,422.71,2024-07-09,3.0,15,4.21,3,2
60eb6dd9-bbb7-4c59-b17e-d2d97dfca826,40,Female,79643,59,Gold,Cryptocurrency,Central,18,389.66,2024-08-16,4.9,9,6.99,2,0
819ad480-b34d-455b-9555-f2166f9806ad,40,Female,77987,81,Gold,PayPal,North,10,224.21,2025-03-14,1.6,15,5.35,3,1
0e920235-c241-4c44-9c74-37816f3c765c,59,Female,92264,63,Gold,PayPal,North,22,405.6,2024-08-18,2.6,18,0.76,1,1
100b8500-ef96-42d0-896e-bb68c0ff4b4b,67,Male,109007,53,Bronze,Credit Card,West,14,314.08,2025-04-05,2.3,15,5.43,4,0
a0d19d90-f47d-4c45-ac59-5167af3a1879,37,Male,67731,9,Bronze,Debit Card,North,21,25.45,2025-02-27,2.1,17,6.07,0,0
48de0528-a6b4-4abc-8912-fe035707e973,20,Female,121544,27,Silver,Credit Card,East,20,476.7,2025-01-05,4.5,17,4.22,1,0
b65fc041-0c5b-452c-8055-57e8ffbe55fd,66,Female,81775,51,Gold,PayPal,West,19,185.66,2025-05-10,4.4,13,4.71,3,1
c0029876-67f1-457c-894d-70545ec3501c,30,Male,54062,95,Bronze,Debit Card,North,24,139.65,2024-08-19,2.9,17,3.45,0,0
e102a619-d451-4cc4-bf0c-b0b21990c38c,51,Male,77911,53,Silver,Credit Card,East,19,216.88,2025-01-09,2.7,14,6.06,4,1
525463b1-2982-4cd2-9717-14d8fc353aa3,69,Female,31683,98,Platinum,Cryptocurrency,West,21,389.63,2025-01-03,1.6,16,6.64,1,2
4a8ef441-c698-4d9d-8e62-5498586d488b,20,Female,95477,99,Bronze,Cryptocurrency,East,17,244.55,2024-06-27,3.4,10,3.87,1,0
8005ba97-73f6-4a3c-b9ab-796313366f75,33,Male,48063,9,Bronze,PayPal,East,22,291.4,2024-07-14,4.8,16,5.71,3,2
b1aabf6d-b2da-4779-9371-dee9c08ddd5f,18,Male,109661,42,Silver,Credit Card,North,21,169.75,2024-07-24,4.3,14,1.05,0,2
f2f7ccf8-2801-46ba-9e06-4b20c57fde04,44,Female,149127,58,Gold,Credit Card,North,26,170.07,2024-10-10,3.2,15,5.21,1,1
048074d4-c0c5-4d8f-a4b0-97fe85503a0d,19,Female,63346,42,Platinum,PayPal,North,20,469.15,2025-05-22,1.6,16,2.98,0,1
0534fc04-a2a0-43e3-a02c-133db9c57de6,47,Male,127071,20,Bronze,PayPal,Central,25,103.25,2025-01-23,4.1,15,1.69,2,0
0f5202c1-3f80-408b-9ec9-1f6cc7d5d4c5,22,Female,28951,86,Bronze,PayPal,South,17,420.96,2025-02-11,3.4,11,3.48,1,0
6ec92e8d-e42a-462e-a601-441a60911022,65,Male,116626,55,Bronze,Credit Card,West,19,246.49,2024-11-16,3.9,14,1.49,2,1
b1f560c7-c705-4302-be6a-5254a5056f79,31,Female,21753,27,Bronze,Debit Card,East,21,198.16,2025-03-21,2.2,17,2.92,2,1
f7e6c474-ac6d-4d92-bc14-91931522f44e,61,Female,25834,40,Silver,Cryptocurrency,North,17,96.77,2024-11-05,3.0,12,4.0,2,0
39c14fcc-1b52-4c58-8a0b-8ccd96cf0566,53,Female,31282,7,Bronze,Cryptocurrency,South,20,406.43,2024-11-21,1.5,12,3.9,1,1
b0fde47a-55b5-4bf7-8b71-821e220b9523,35,Female,136632,85,Silver,Cryptocurrency,Central,23,414.7,2024-09-29,3.8,17,7.55,1,0
a68e4366-74aa-4f44-b951-e5ddccdd44a8,18,Female,83996,9,Silver,PayPal,Central,16,160.05,2025-03-06,4.6,19,4.33,0,2
59fe7fcc-d177-4ba3-8d96-fb1040a8d10d,47,Male,141401,86,Bronze,PayPal,East,26,91.91,2025-01-08,2.1,17,6.64,3,0
f64d8c58-e5eb-4624-8801-919f65d06048,32,Female,62710,85,Gold,Debit Card,East,17,477.81,2024-11-25,1.8,17,5.18,0,1
c74c1c16-5b70-472d-886e-929d2541bf2f,51,Other,73832,13,Silver,Credit Card,North,16,213.39,2025-05-31,3.5,14,3.51,1,1
